-- Generated from front/src/fixtures/skorea-municipalities-2018-topo-simple.json and the R-ONE regional map sample verified on 2026-06-16.
-- region_code keeps the KOSTAT 2018 TopoJSON code used by the frontend geometry.
-- legal_dong_code keeps the current R-ONE/MOLIT code used to resolve official market facts.

insert into real_estate_targets (
    id, target_type, display_name, slug, normalized_name, review_state, data_status, created_at, updated_at
) values
    ('region-seoul', 'region', '서울특별시', 'seoul', '서울특별시', 'approved', 'ok', '2026-06-16 00:00:00', '2026-06-16 00:00:00'),
    ('region-busan', 'region', '부산광역시', 'busan', '부산광역시', 'approved', 'ok', '2026-06-16 00:00:00', '2026-06-16 00:00:00'),
    ('region-daegu', 'region', '대구광역시', 'daegu', '대구광역시', 'approved', 'ok', '2026-06-16 00:00:00', '2026-06-16 00:00:00'),
    ('region-incheon', 'region', '인천광역시', 'incheon', '인천광역시', 'approved', 'ok', '2026-06-16 00:00:00', '2026-06-16 00:00:00'),
    ('region-gwangju', 'region', '광주광역시', 'gwangju', '광주광역시', 'approved', 'ok', '2026-06-16 00:00:00', '2026-06-16 00:00:00'),
    ('region-daejeon', 'region', '대전광역시', 'daejeon', '대전광역시', 'approved', 'ok', '2026-06-16 00:00:00', '2026-06-16 00:00:00'),
    ('region-ulsan', 'region', '울산광역시', 'ulsan', '울산광역시', 'approved', 'ok', '2026-06-16 00:00:00', '2026-06-16 00:00:00'),
    ('region-sejong', 'region', '세종특별자치시', 'sejong', '세종특별자치시', 'approved', 'ok', '2026-06-16 00:00:00', '2026-06-16 00:00:00'),
    ('region-gyeonggi', 'region', '경기도', 'gyeonggi', '경기도', 'approved', 'ok', '2026-06-16 00:00:00', '2026-06-16 00:00:00'),
    ('region-gangwon', 'region', '강원도', 'gangwon', '강원도', 'approved', 'ok', '2026-06-16 00:00:00', '2026-06-16 00:00:00'),
    ('region-chungbuk', 'region', '충청북도', 'chungbuk', '충청북도', 'approved', 'ok', '2026-06-16 00:00:00', '2026-06-16 00:00:00'),
    ('region-chungnam', 'region', '충청남도', 'chungnam', '충청남도', 'approved', 'ok', '2026-06-16 00:00:00', '2026-06-16 00:00:00'),
    ('region-jeonbuk', 'region', '전라북도', 'jeonbuk', '전라북도', 'approved', 'ok', '2026-06-16 00:00:00', '2026-06-16 00:00:00'),
    ('region-jeonnam', 'region', '전라남도', 'jeonnam', '전라남도', 'approved', 'ok', '2026-06-16 00:00:00', '2026-06-16 00:00:00'),
    ('region-gyeongbuk', 'region', '경상북도', 'gyeongbuk', '경상북도', 'approved', 'ok', '2026-06-16 00:00:00', '2026-06-16 00:00:00'),
    ('region-gyeongnam', 'region', '경상남도', 'gyeongnam', '경상남도', 'approved', 'ok', '2026-06-16 00:00:00', '2026-06-16 00:00:00'),
    ('region-jeju', 'region', '제주특별자치도', 'jeju', '제주특별자치도', 'approved', 'ok', '2026-06-16 00:00:00', '2026-06-16 00:00:00'),
    ('region-seoul-jongno', 'region', '서울 종로구', 'seoul-jongno', '서울종로구', 'approved', 'ok', '2026-06-16 00:00:00', '2026-06-16 00:00:00'),
    ('region-seoul-jung', 'region', '서울특별시 중구', 'seoul-jung', '서울특별시중구', 'approved', 'ok', '2026-06-16 00:00:00', '2026-06-16 00:00:00'),
    ('region-seoul-yongsan', 'region', '서울특별시 용산구', 'seoul-yongsan', '서울특별시용산구', 'approved', 'ok', '2026-06-16 00:00:00', '2026-06-16 00:00:00'),
    ('region-seoul-seongdong', 'region', '서울특별시 성동구', 'seoul-seongdong', '서울특별시성동구', 'approved', 'ok', '2026-06-16 00:00:00', '2026-06-16 00:00:00'),
    ('region-seoul-gwangjin', 'region', '서울특별시 광진구', 'seoul-gwangjin', '서울특별시광진구', 'approved', 'ok', '2026-06-16 00:00:00', '2026-06-16 00:00:00'),
    ('region-seoul-dongdaemun', 'region', '서울특별시 동대문구', 'seoul-dongdaemun', '서울특별시동대문구', 'approved', 'ok', '2026-06-16 00:00:00', '2026-06-16 00:00:00'),
    ('region-seoul-jungnang', 'region', '서울특별시 중랑구', 'seoul-jungnang', '서울특별시중랑구', 'approved', 'ok', '2026-06-16 00:00:00', '2026-06-16 00:00:00'),
    ('region-seoul-seongbuk', 'region', '서울특별시 성북구', 'seoul-seongbuk', '서울특별시성북구', 'approved', 'ok', '2026-06-16 00:00:00', '2026-06-16 00:00:00'),
    ('region-seoul-gangbuk', 'region', '서울특별시 강북구', 'seoul-gangbuk', '서울특별시강북구', 'approved', 'ok', '2026-06-16 00:00:00', '2026-06-16 00:00:00'),
    ('region-seoul-dobong', 'region', '서울특별시 도봉구', 'seoul-dobong', '서울특별시도봉구', 'approved', 'ok', '2026-06-16 00:00:00', '2026-06-16 00:00:00'),
    ('region-seoul-nowon', 'region', '서울특별시 노원구', 'seoul-nowon', '서울특별시노원구', 'approved', 'ok', '2026-06-16 00:00:00', '2026-06-16 00:00:00'),
    ('region-seoul-eunpyeong', 'region', '서울특별시 은평구', 'seoul-eunpyeong', '서울특별시은평구', 'approved', 'ok', '2026-06-16 00:00:00', '2026-06-16 00:00:00'),
    ('region-seoul-seodaemun', 'region', '서울특별시 서대문구', 'seoul-seodaemun', '서울특별시서대문구', 'approved', 'ok', '2026-06-16 00:00:00', '2026-06-16 00:00:00'),
    ('region-seoul-mapo', 'region', '서울 마포구', 'seoul-mapo', '서울마포구', 'approved', 'ok', '2026-06-16 00:00:00', '2026-06-16 00:00:00'),
    ('region-seoul-yangcheon', 'region', '서울특별시 양천구', 'seoul-yangcheon', '서울특별시양천구', 'approved', 'ok', '2026-06-16 00:00:00', '2026-06-16 00:00:00'),
    ('region-seoul-gangseo', 'region', '서울특별시 강서구', 'seoul-gangseo', '서울특별시강서구', 'approved', 'ok', '2026-06-16 00:00:00', '2026-06-16 00:00:00'),
    ('region-seoul-guro', 'region', '서울특별시 구로구', 'seoul-guro', '서울특별시구로구', 'approved', 'ok', '2026-06-16 00:00:00', '2026-06-16 00:00:00'),
    ('region-seoul-geumcheon', 'region', '서울특별시 금천구', 'seoul-geumcheon', '서울특별시금천구', 'approved', 'ok', '2026-06-16 00:00:00', '2026-06-16 00:00:00'),
    ('region-seoul-yeongdeungpo', 'region', '서울특별시 영등포구', 'seoul-yeongdeungpo', '서울특별시영등포구', 'approved', 'ok', '2026-06-16 00:00:00', '2026-06-16 00:00:00'),
    ('region-seoul-dongjak', 'region', '서울특별시 동작구', 'seoul-dongjak', '서울특별시동작구', 'approved', 'ok', '2026-06-16 00:00:00', '2026-06-16 00:00:00'),
    ('region-seoul-gwanak', 'region', '서울특별시 관악구', 'seoul-gwanak', '서울특별시관악구', 'approved', 'ok', '2026-06-16 00:00:00', '2026-06-16 00:00:00'),
    ('region-seoul-seocho', 'region', '서울특별시 서초구', 'seoul-seocho', '서울특별시서초구', 'approved', 'ok', '2026-06-16 00:00:00', '2026-06-16 00:00:00'),
    ('region-seoul-gangnam', 'region', '서울특별시 강남구', 'seoul-gangnam', '서울특별시강남구', 'approved', 'ok', '2026-06-16 00:00:00', '2026-06-16 00:00:00'),
    ('region-seoul-songpa', 'region', '서울특별시 송파구', 'seoul-songpa', '서울특별시송파구', 'approved', 'ok', '2026-06-16 00:00:00', '2026-06-16 00:00:00'),
    ('region-seoul-gangdong', 'region', '서울특별시 강동구', 'seoul-gangdong', '서울특별시강동구', 'approved', 'ok', '2026-06-16 00:00:00', '2026-06-16 00:00:00'),
    ('region-busan-jung', 'region', '부산광역시 중구', 'busan-jung', '부산광역시중구', 'approved', 'ok', '2026-06-16 00:00:00', '2026-06-16 00:00:00'),
    ('region-busan-seo', 'region', '부산광역시 서구', 'busan-seo', '부산광역시서구', 'approved', 'ok', '2026-06-16 00:00:00', '2026-06-16 00:00:00'),
    ('region-busan-dong', 'region', '부산광역시 동구', 'busan-dong', '부산광역시동구', 'approved', 'ok', '2026-06-16 00:00:00', '2026-06-16 00:00:00'),
    ('region-busan-yeongdo', 'region', '부산광역시 영도구', 'busan-yeongdo', '부산광역시영도구', 'approved', 'ok', '2026-06-16 00:00:00', '2026-06-16 00:00:00'),
    ('region-busan-busanjin', 'region', '부산광역시 부산진구', 'busan-busanjin', '부산광역시부산진구', 'approved', 'ok', '2026-06-16 00:00:00', '2026-06-16 00:00:00'),
    ('region-busan-dongnae', 'region', '부산광역시 동래구', 'busan-dongnae', '부산광역시동래구', 'approved', 'ok', '2026-06-16 00:00:00', '2026-06-16 00:00:00'),
    ('region-busan-nam', 'region', '부산광역시 남구', 'busan-nam', '부산광역시남구', 'approved', 'ok', '2026-06-16 00:00:00', '2026-06-16 00:00:00'),
    ('region-busan-buk', 'region', '부산광역시 북구', 'busan-buk', '부산광역시북구', 'approved', 'ok', '2026-06-16 00:00:00', '2026-06-16 00:00:00'),
    ('region-busan-haeundae', 'region', '부산광역시 해운대구', 'busan-haeundae', '부산광역시해운대구', 'approved', 'ok', '2026-06-16 00:00:00', '2026-06-16 00:00:00'),
    ('region-busan-saha', 'region', '부산광역시 사하구', 'busan-saha', '부산광역시사하구', 'approved', 'ok', '2026-06-16 00:00:00', '2026-06-16 00:00:00'),
    ('region-busan-geumjeong', 'region', '부산광역시 금정구', 'busan-geumjeong', '부산광역시금정구', 'approved', 'ok', '2026-06-16 00:00:00', '2026-06-16 00:00:00'),
    ('region-busan-gangseo', 'region', '부산광역시 강서구', 'busan-gangseo', '부산광역시강서구', 'approved', 'ok', '2026-06-16 00:00:00', '2026-06-16 00:00:00'),
    ('region-busan-yeonje', 'region', '부산광역시 연제구', 'busan-yeonje', '부산광역시연제구', 'approved', 'ok', '2026-06-16 00:00:00', '2026-06-16 00:00:00'),
    ('region-busan-suyeong', 'region', '부산광역시 수영구', 'busan-suyeong', '부산광역시수영구', 'approved', 'ok', '2026-06-16 00:00:00', '2026-06-16 00:00:00'),
    ('region-busan-sasang', 'region', '부산광역시 사상구', 'busan-sasang', '부산광역시사상구', 'approved', 'ok', '2026-06-16 00:00:00', '2026-06-16 00:00:00'),
    ('region-busan-gijang', 'region', '부산광역시 기장군', 'busan-gijang', '부산광역시기장군', 'approved', 'ok', '2026-06-16 00:00:00', '2026-06-16 00:00:00'),
    ('region-daegu-jung', 'region', '대구광역시 중구', 'daegu-jung', '대구광역시중구', 'approved', 'ok', '2026-06-16 00:00:00', '2026-06-16 00:00:00'),
    ('region-daegu-dong', 'region', '대구광역시 동구', 'daegu-dong', '대구광역시동구', 'approved', 'ok', '2026-06-16 00:00:00', '2026-06-16 00:00:00'),
    ('region-daegu-seo', 'region', '대구광역시 서구', 'daegu-seo', '대구광역시서구', 'approved', 'ok', '2026-06-16 00:00:00', '2026-06-16 00:00:00'),
    ('region-daegu-nam', 'region', '대구광역시 남구', 'daegu-nam', '대구광역시남구', 'approved', 'ok', '2026-06-16 00:00:00', '2026-06-16 00:00:00'),
    ('region-daegu-buk', 'region', '대구광역시 북구', 'daegu-buk', '대구광역시북구', 'approved', 'ok', '2026-06-16 00:00:00', '2026-06-16 00:00:00'),
    ('region-daegu-suseong', 'region', '대구광역시 수성구', 'daegu-suseong', '대구광역시수성구', 'approved', 'ok', '2026-06-16 00:00:00', '2026-06-16 00:00:00'),
    ('region-daegu-dalseo', 'region', '대구광역시 달서구', 'daegu-dalseo', '대구광역시달서구', 'approved', 'ok', '2026-06-16 00:00:00', '2026-06-16 00:00:00'),
    ('region-daegu-dalseong', 'region', '대구광역시 달성군', 'daegu-dalseong', '대구광역시달성군', 'approved', 'ok', '2026-06-16 00:00:00', '2026-06-16 00:00:00'),
    ('region-incheon-jung', 'region', '인천광역시 중구', 'incheon-jung', '인천광역시중구', 'approved', 'ok', '2026-06-16 00:00:00', '2026-06-16 00:00:00'),
    ('region-incheon-dong', 'region', '인천광역시 동구', 'incheon-dong', '인천광역시동구', 'approved', 'ok', '2026-06-16 00:00:00', '2026-06-16 00:00:00'),
    ('region-incheon-nam', 'region', '인천광역시 남구', 'incheon-nam', '인천광역시남구', 'approved', 'partial', '2026-06-16 00:00:00', '2026-06-16 00:00:00'),
    ('region-incheon-yeonsu', 'region', '인천광역시 연수구', 'incheon-yeonsu', '인천광역시연수구', 'approved', 'ok', '2026-06-16 00:00:00', '2026-06-16 00:00:00'),
    ('region-incheon-namdong', 'region', '인천광역시 남동구', 'incheon-namdong', '인천광역시남동구', 'approved', 'ok', '2026-06-16 00:00:00', '2026-06-16 00:00:00'),
    ('region-incheon-bupyeong', 'region', '인천광역시 부평구', 'incheon-bupyeong', '인천광역시부평구', 'approved', 'ok', '2026-06-16 00:00:00', '2026-06-16 00:00:00'),
    ('region-incheon-gyeyang', 'region', '인천광역시 계양구', 'incheon-gyeyang', '인천광역시계양구', 'approved', 'ok', '2026-06-16 00:00:00', '2026-06-16 00:00:00'),
    ('region-incheon-seo', 'region', '인천광역시 서구', 'incheon-seo', '인천광역시서구', 'approved', 'ok', '2026-06-16 00:00:00', '2026-06-16 00:00:00'),
    ('region-incheon-ganghwa', 'region', '인천광역시 강화군', 'incheon-ganghwa', '인천광역시강화군', 'approved', 'partial', '2026-06-16 00:00:00', '2026-06-16 00:00:00'),
    ('region-incheon-ongjin', 'region', '인천광역시 옹진군', 'incheon-ongjin', '인천광역시옹진군', 'approved', 'partial', '2026-06-16 00:00:00', '2026-06-16 00:00:00'),
    ('region-gwangju-dong', 'region', '광주광역시 동구', 'gwangju-dong', '광주광역시동구', 'approved', 'ok', '2026-06-16 00:00:00', '2026-06-16 00:00:00'),
    ('region-gwangju-seo', 'region', '광주광역시 서구', 'gwangju-seo', '광주광역시서구', 'approved', 'ok', '2026-06-16 00:00:00', '2026-06-16 00:00:00'),
    ('region-gwangju-nam', 'region', '광주광역시 남구', 'gwangju-nam', '광주광역시남구', 'approved', 'ok', '2026-06-16 00:00:00', '2026-06-16 00:00:00'),
    ('region-gwangju-buk', 'region', '광주광역시 북구', 'gwangju-buk', '광주광역시북구', 'approved', 'ok', '2026-06-16 00:00:00', '2026-06-16 00:00:00'),
    ('region-gwangju-gwangsan', 'region', '광주광역시 광산구', 'gwangju-gwangsan', '광주광역시광산구', 'approved', 'ok', '2026-06-16 00:00:00', '2026-06-16 00:00:00'),
    ('region-daejeon-dong', 'region', '대전광역시 동구', 'daejeon-dong', '대전광역시동구', 'approved', 'ok', '2026-06-16 00:00:00', '2026-06-16 00:00:00'),
    ('region-daejeon-jung', 'region', '대전광역시 중구', 'daejeon-jung', '대전광역시중구', 'approved', 'ok', '2026-06-16 00:00:00', '2026-06-16 00:00:00'),
    ('region-daejeon-seo', 'region', '대전광역시 서구', 'daejeon-seo', '대전광역시서구', 'approved', 'ok', '2026-06-16 00:00:00', '2026-06-16 00:00:00'),
    ('region-daejeon-yuseong', 'region', '대전광역시 유성구', 'daejeon-yuseong', '대전광역시유성구', 'approved', 'ok', '2026-06-16 00:00:00', '2026-06-16 00:00:00'),
    ('region-daejeon-daedeok', 'region', '대전광역시 대덕구', 'daejeon-daedeok', '대전광역시대덕구', 'approved', 'ok', '2026-06-16 00:00:00', '2026-06-16 00:00:00'),
    ('region-ulsan-jung', 'region', '울산광역시 중구', 'ulsan-jung', '울산광역시중구', 'approved', 'ok', '2026-06-16 00:00:00', '2026-06-16 00:00:00'),
    ('region-ulsan-nam', 'region', '울산광역시 남구', 'ulsan-nam', '울산광역시남구', 'approved', 'ok', '2026-06-16 00:00:00', '2026-06-16 00:00:00'),
    ('region-ulsan-dong', 'region', '울산광역시 동구', 'ulsan-dong', '울산광역시동구', 'approved', 'ok', '2026-06-16 00:00:00', '2026-06-16 00:00:00'),
    ('region-ulsan-buk', 'region', '울산광역시 북구', 'ulsan-buk', '울산광역시북구', 'approved', 'ok', '2026-06-16 00:00:00', '2026-06-16 00:00:00'),
    ('region-ulsan-ulju', 'region', '울산광역시 울주군', 'ulsan-ulju', '울산광역시울주군', 'approved', 'ok', '2026-06-16 00:00:00', '2026-06-16 00:00:00'),
    ('region-sejong-sejongsi', 'region', '세종특별자치시 세종시', 'sejong-sejongsi', '세종특별자치시세종시', 'approved', 'partial', '2026-06-16 00:00:00', '2026-06-16 00:00:00'),
    ('region-gyeonggi-suwonsijangangu', 'region', '경기도 수원시 장안구', 'gyeonggi-suwonsijangangu', '경기도수원시장안구', 'approved', 'ok', '2026-06-16 00:00:00', '2026-06-16 00:00:00'),
    ('region-gyeonggi-suwonsigwonseongu', 'region', '경기도 수원시 권선구', 'gyeonggi-suwonsigwonseongu', '경기도수원시권선구', 'approved', 'ok', '2026-06-16 00:00:00', '2026-06-16 00:00:00'),
    ('region-gyeonggi-suwonsipaldalgu', 'region', '경기도 수원시 팔달구', 'gyeonggi-suwonsipaldalgu', '경기도수원시팔달구', 'approved', 'ok', '2026-06-16 00:00:00', '2026-06-16 00:00:00'),
    ('region-gyeonggi-suwonsiyeongtonggu', 'region', '경기도 수원시 영통구', 'gyeonggi-suwonsiyeongtonggu', '경기도수원시영통구', 'approved', 'ok', '2026-06-16 00:00:00', '2026-06-16 00:00:00'),
    ('region-gyeonggi-seongnamsisujeonggu', 'region', '경기도 성남시 수정구', 'gyeonggi-seongnamsisujeonggu', '경기도성남시수정구', 'approved', 'ok', '2026-06-16 00:00:00', '2026-06-16 00:00:00'),
    ('region-gyeonggi-seongnamsijungwongu', 'region', '경기도 성남시 중원구', 'gyeonggi-seongnamsijungwongu', '경기도성남시중원구', 'approved', 'ok', '2026-06-16 00:00:00', '2026-06-16 00:00:00'),
    ('region-gyeonggi-seongnamsibundanggu', 'region', '경기도 성남시 분당구', 'gyeonggi-seongnamsibundanggu', '경기도성남시분당구', 'approved', 'ok', '2026-06-16 00:00:00', '2026-06-16 00:00:00'),
    ('region-gyeonggi-uijeongbu', 'region', '경기도 의정부시', 'gyeonggi-uijeongbu', '경기도의정부시', 'approved', 'ok', '2026-06-16 00:00:00', '2026-06-16 00:00:00'),
    ('region-gyeonggi-anyangsimanangu', 'region', '경기도 안양시 만안구', 'gyeonggi-anyangsimanangu', '경기도안양시만안구', 'approved', 'ok', '2026-06-16 00:00:00', '2026-06-16 00:00:00'),
    ('region-gyeonggi-anyangsidongangu', 'region', '경기도 안양시 동안구', 'gyeonggi-anyangsidongangu', '경기도안양시동안구', 'approved', 'ok', '2026-06-16 00:00:00', '2026-06-16 00:00:00'),
    ('region-gyeonggi-bucheon', 'region', '경기도 부천시', 'gyeonggi-bucheon', '경기도부천시', 'approved', 'ok', '2026-06-16 00:00:00', '2026-06-16 00:00:00'),
    ('region-gyeonggi-gwangmyeong', 'region', '경기도 광명시', 'gyeonggi-gwangmyeong', '경기도광명시', 'approved', 'ok', '2026-06-16 00:00:00', '2026-06-16 00:00:00'),
    ('region-gyeonggi-pyeongtaek', 'region', '경기도 평택시', 'gyeonggi-pyeongtaek', '경기도평택시', 'approved', 'ok', '2026-06-16 00:00:00', '2026-06-16 00:00:00'),
    ('region-gyeonggi-dongducheon', 'region', '경기도 동두천시', 'gyeonggi-dongducheon', '경기도동두천시', 'approved', 'ok', '2026-06-16 00:00:00', '2026-06-16 00:00:00'),
    ('region-gyeonggi-ansansisangnokgu', 'region', '경기도 안산시 상록구', 'gyeonggi-ansansisangnokgu', '경기도안산시상록구', 'approved', 'ok', '2026-06-16 00:00:00', '2026-06-16 00:00:00'),
    ('region-gyeonggi-ansansidanwongu', 'region', '경기도 안산시 단원구', 'gyeonggi-ansansidanwongu', '경기도안산시단원구', 'approved', 'ok', '2026-06-16 00:00:00', '2026-06-16 00:00:00'),
    ('region-gyeonggi-goyangsideogyanggu', 'region', '경기도 고양시 덕양구', 'gyeonggi-goyangsideogyanggu', '경기도고양시덕양구', 'approved', 'ok', '2026-06-16 00:00:00', '2026-06-16 00:00:00'),
    ('region-gyeonggi-goyangsiilsandonggu', 'region', '경기도 고양시 일산동구', 'gyeonggi-goyangsiilsandonggu', '경기도고양시일산동구', 'approved', 'ok', '2026-06-16 00:00:00', '2026-06-16 00:00:00'),
    ('region-gyeonggi-goyangsiilsanseogu', 'region', '경기도 고양시 일산서구', 'gyeonggi-goyangsiilsanseogu', '경기도고양시일산서구', 'approved', 'ok', '2026-06-16 00:00:00', '2026-06-16 00:00:00'),
    ('region-gyeonggi-gwacheon', 'region', '경기도 과천시', 'gyeonggi-gwacheon', '경기도과천시', 'approved', 'ok', '2026-06-16 00:00:00', '2026-06-16 00:00:00'),
    ('region-gyeonggi-guri', 'region', '경기도 구리시', 'gyeonggi-guri', '경기도구리시', 'approved', 'ok', '2026-06-16 00:00:00', '2026-06-16 00:00:00'),
    ('region-gyeonggi-namyangju', 'region', '경기도 남양주시', 'gyeonggi-namyangju', '경기도남양주시', 'approved', 'ok', '2026-06-16 00:00:00', '2026-06-16 00:00:00'),
    ('region-gyeonggi-osan', 'region', '경기도 오산시', 'gyeonggi-osan', '경기도오산시', 'approved', 'ok', '2026-06-16 00:00:00', '2026-06-16 00:00:00'),
    ('region-gyeonggi-siheung', 'region', '경기도 시흥시', 'gyeonggi-siheung', '경기도시흥시', 'approved', 'ok', '2026-06-16 00:00:00', '2026-06-16 00:00:00'),
    ('region-gyeonggi-gunpo', 'region', '경기도 군포시', 'gyeonggi-gunpo', '경기도군포시', 'approved', 'ok', '2026-06-16 00:00:00', '2026-06-16 00:00:00'),
    ('region-gyeonggi-uiwang', 'region', '경기도 의왕시', 'gyeonggi-uiwang', '경기도의왕시', 'approved', 'ok', '2026-06-16 00:00:00', '2026-06-16 00:00:00'),
    ('region-gyeonggi-hanam', 'region', '경기도 하남시', 'gyeonggi-hanam', '경기도하남시', 'approved', 'ok', '2026-06-16 00:00:00', '2026-06-16 00:00:00'),
    ('region-gyeonggi-yonginsicheoingu', 'region', '경기도 용인시 처인구', 'gyeonggi-yonginsicheoingu', '경기도용인시처인구', 'approved', 'ok', '2026-06-16 00:00:00', '2026-06-16 00:00:00'),
    ('region-gyeonggi-yonginsigiheunggu', 'region', '경기도 용인시 기흥구', 'gyeonggi-yonginsigiheunggu', '경기도용인시기흥구', 'approved', 'ok', '2026-06-16 00:00:00', '2026-06-16 00:00:00'),
    ('region-gyeonggi-yonginsisujigu', 'region', '경기도 용인시 수지구', 'gyeonggi-yonginsisujigu', '경기도용인시수지구', 'approved', 'ok', '2026-06-16 00:00:00', '2026-06-16 00:00:00'),
    ('region-gyeonggi-paju', 'region', '경기도 파주시', 'gyeonggi-paju', '경기도파주시', 'approved', 'ok', '2026-06-16 00:00:00', '2026-06-16 00:00:00'),
    ('region-gyeonggi-icheon', 'region', '경기도 이천시', 'gyeonggi-icheon', '경기도이천시', 'approved', 'ok', '2026-06-16 00:00:00', '2026-06-16 00:00:00'),
    ('region-gyeonggi-anseong', 'region', '경기도 안성시', 'gyeonggi-anseong', '경기도안성시', 'approved', 'ok', '2026-06-16 00:00:00', '2026-06-16 00:00:00'),
    ('region-gyeonggi-gimpo', 'region', '경기도 김포시', 'gyeonggi-gimpo', '경기도김포시', 'approved', 'ok', '2026-06-16 00:00:00', '2026-06-16 00:00:00'),
    ('region-gyeonggi-hwaseongsi', 'region', '경기도 화성시', 'gyeonggi-hwaseongsi', '경기도화성시', 'approved', 'ok', '2026-06-16 00:00:00', '2026-06-16 00:00:00'),
    ('region-gyeonggi-gwangju', 'region', '경기도 광주시', 'gyeonggi-gwangju', '경기도광주시', 'approved', 'ok', '2026-06-16 00:00:00', '2026-06-16 00:00:00'),
    ('region-gyeonggi-yangjusi', 'region', '경기도 양주시', 'gyeonggi-yangjusi', '경기도양주시', 'approved', 'ok', '2026-06-16 00:00:00', '2026-06-16 00:00:00'),
    ('region-gyeonggi-pocheonsi', 'region', '경기도 포천시', 'gyeonggi-pocheonsi', '경기도포천시', 'approved', 'ok', '2026-06-16 00:00:00', '2026-06-16 00:00:00'),
    ('region-gyeonggi-yeoju', 'region', '경기도 여주시', 'gyeonggi-yeoju', '경기도여주시', 'approved', 'ok', '2026-06-16 00:00:00', '2026-06-16 00:00:00'),
    ('region-gyeonggi-yeoncheon', 'region', '경기도 연천군', 'gyeonggi-yeoncheon', '경기도연천군', 'approved', 'partial', '2026-06-16 00:00:00', '2026-06-16 00:00:00'),
    ('region-gyeonggi-gapyeong', 'region', '경기도 가평군', 'gyeonggi-gapyeong', '경기도가평군', 'approved', 'partial', '2026-06-16 00:00:00', '2026-06-16 00:00:00'),
    ('region-gyeonggi-yangpyeong', 'region', '경기도 양평군', 'gyeonggi-yangpyeong', '경기도양평군', 'approved', 'partial', '2026-06-16 00:00:00', '2026-06-16 00:00:00'),
    ('region-gangwon-chuncheon', 'region', '강원도 춘천시', 'gangwon-chuncheon', '강원도춘천시', 'approved', 'ok', '2026-06-16 00:00:00', '2026-06-16 00:00:00'),
    ('region-gangwon-wonju', 'region', '강원도 원주시', 'gangwon-wonju', '강원도원주시', 'approved', 'ok', '2026-06-16 00:00:00', '2026-06-16 00:00:00'),
    ('region-gangwon-gangneung', 'region', '강원도 강릉시', 'gangwon-gangneung', '강원도강릉시', 'approved', 'ok', '2026-06-16 00:00:00', '2026-06-16 00:00:00'),
    ('region-gangwon-donghae', 'region', '강원도 동해시', 'gangwon-donghae', '강원도동해시', 'approved', 'ok', '2026-06-16 00:00:00', '2026-06-16 00:00:00'),
    ('region-gangwon-taebaek', 'region', '강원도 태백시', 'gangwon-taebaek', '강원도태백시', 'approved', 'ok', '2026-06-16 00:00:00', '2026-06-16 00:00:00'),
    ('region-gangwon-sokcho', 'region', '강원도 속초시', 'gangwon-sokcho', '강원도속초시', 'approved', 'ok', '2026-06-16 00:00:00', '2026-06-16 00:00:00'),
    ('region-gangwon-samcheok', 'region', '강원도 삼척시', 'gangwon-samcheok', '강원도삼척시', 'approved', 'ok', '2026-06-16 00:00:00', '2026-06-16 00:00:00'),
    ('region-gangwon-hongcheon', 'region', '강원도 홍천군', 'gangwon-hongcheon', '강원도홍천군', 'approved', 'partial', '2026-06-16 00:00:00', '2026-06-16 00:00:00'),
    ('region-gangwon-hoengseong', 'region', '강원도 횡성군', 'gangwon-hoengseong', '강원도횡성군', 'approved', 'partial', '2026-06-16 00:00:00', '2026-06-16 00:00:00'),
    ('region-gangwon-yeongwol', 'region', '강원도 영월군', 'gangwon-yeongwol', '강원도영월군', 'approved', 'partial', '2026-06-16 00:00:00', '2026-06-16 00:00:00'),
    ('region-gangwon-pyeongchang', 'region', '강원도 평창군', 'gangwon-pyeongchang', '강원도평창군', 'approved', 'partial', '2026-06-16 00:00:00', '2026-06-16 00:00:00'),
    ('region-gangwon-jeongseon', 'region', '강원도 정선군', 'gangwon-jeongseon', '강원도정선군', 'approved', 'partial', '2026-06-16 00:00:00', '2026-06-16 00:00:00'),
    ('region-gangwon-gongju', 'region', '강원도 철원군', 'gangwon-gongju', '강원도철원군', 'approved', 'partial', '2026-06-16 00:00:00', '2026-06-16 00:00:00'),
    ('region-gangwon-hwacheon', 'region', '강원도 화천군', 'gangwon-hwacheon', '강원도화천군', 'approved', 'partial', '2026-06-16 00:00:00', '2026-06-16 00:00:00'),
    ('region-gangwon-yanggu', 'region', '강원도 양구군', 'gangwon-yanggu', '강원도양구군', 'approved', 'partial', '2026-06-16 00:00:00', '2026-06-16 00:00:00'),
    ('region-gangwon-inje', 'region', '강원도 인제군', 'gangwon-inje', '강원도인제군', 'approved', 'partial', '2026-06-16 00:00:00', '2026-06-16 00:00:00'),
    ('region-gangwon-goseong', 'region', '강원도 고성군', 'gangwon-goseong', '강원도고성군', 'approved', 'partial', '2026-06-16 00:00:00', '2026-06-16 00:00:00'),
    ('region-gangwon-yangyang', 'region', '강원도 양양군', 'gangwon-yangyang', '강원도양양군', 'approved', 'partial', '2026-06-16 00:00:00', '2026-06-16 00:00:00'),
    ('region-chungbuk-chungju', 'region', '충청북도 충주시', 'chungbuk-chungju', '충청북도충주시', 'approved', 'ok', '2026-06-16 00:00:00', '2026-06-16 00:00:00'),
    ('region-chungbuk-jecheon', 'region', '충청북도 제천시', 'chungbuk-jecheon', '충청북도제천시', 'approved', 'ok', '2026-06-16 00:00:00', '2026-06-16 00:00:00'),
    ('region-chungbuk-cheongjusisangdanggu', 'region', '충청북도 청주시 상당구', 'chungbuk-cheongjusisangdanggu', '충청북도청주시상당구', 'approved', 'ok', '2026-06-16 00:00:00', '2026-06-16 00:00:00'),
    ('region-chungbuk-cheongjusiseowongu', 'region', '충청북도 청주시 서원구', 'chungbuk-cheongjusiseowongu', '충청북도청주시서원구', 'approved', 'ok', '2026-06-16 00:00:00', '2026-06-16 00:00:00'),
    ('region-chungbuk-cheongjusiheungdeokgu', 'region', '충청북도 청주시 흥덕구', 'chungbuk-cheongjusiheungdeokgu', '충청북도청주시흥덕구', 'approved', 'ok', '2026-06-16 00:00:00', '2026-06-16 00:00:00'),
    ('region-chungbuk-cheongjusicheongwongu', 'region', '충청북도 청주시 청원구', 'chungbuk-cheongjusicheongwongu', '충청북도청주시청원구', 'approved', 'ok', '2026-06-16 00:00:00', '2026-06-16 00:00:00'),
    ('region-chungbuk-boeun', 'region', '충청북도 보은군', 'chungbuk-boeun', '충청북도보은군', 'approved', 'partial', '2026-06-16 00:00:00', '2026-06-16 00:00:00'),
    ('region-chungbuk-okcheon', 'region', '충청북도 옥천군', 'chungbuk-okcheon', '충청북도옥천군', 'approved', 'partial', '2026-06-16 00:00:00', '2026-06-16 00:00:00'),
    ('region-chungbuk-yeongdong', 'region', '충청북도 영동군', 'chungbuk-yeongdong', '충청북도영동군', 'approved', 'partial', '2026-06-16 00:00:00', '2026-06-16 00:00:00'),
    ('region-chungbuk-jincheon', 'region', '충청북도 진천군', 'chungbuk-jincheon', '충청북도진천군', 'approved', 'partial', '2026-06-16 00:00:00', '2026-06-16 00:00:00'),
    ('region-chungbuk-goesan', 'region', '충청북도 괴산군', 'chungbuk-goesan', '충청북도괴산군', 'approved', 'partial', '2026-06-16 00:00:00', '2026-06-16 00:00:00'),
    ('region-chungbuk-eumseong', 'region', '충청북도 음성군', 'chungbuk-eumseong', '충청북도음성군', 'approved', 'ok', '2026-06-16 00:00:00', '2026-06-16 00:00:00'),
    ('region-chungbuk-danyang', 'region', '충청북도 단양군', 'chungbuk-danyang', '충청북도단양군', 'approved', 'partial', '2026-06-16 00:00:00', '2026-06-16 00:00:00'),
    ('region-chungbuk-jeungpyeonggun', 'region', '충청북도 증평군', 'chungbuk-jeungpyeonggun', '충청북도증평군', 'approved', 'partial', '2026-06-16 00:00:00', '2026-06-16 00:00:00'),
    ('region-chungnam-cheonansidongnamgu', 'region', '충청남도 천안시 동남구', 'chungnam-cheonansidongnamgu', '충청남도천안시동남구', 'approved', 'ok', '2026-06-16 00:00:00', '2026-06-16 00:00:00'),
    ('region-chungnam-cheonansiseobukgu', 'region', '충청남도 천안시 서북구', 'chungnam-cheonansiseobukgu', '충청남도천안시서북구', 'approved', 'ok', '2026-06-16 00:00:00', '2026-06-16 00:00:00'),
    ('region-chungnam-gongju', 'region', '충청남도 공주시', 'chungnam-gongju', '충청남도공주시', 'approved', 'ok', '2026-06-16 00:00:00', '2026-06-16 00:00:00'),
    ('region-chungnam-boryeong', 'region', '충청남도 보령시', 'chungnam-boryeong', '충청남도보령시', 'approved', 'ok', '2026-06-16 00:00:00', '2026-06-16 00:00:00'),
    ('region-chungnam-asan', 'region', '충청남도 아산시', 'chungnam-asan', '충청남도아산시', 'approved', 'ok', '2026-06-16 00:00:00', '2026-06-16 00:00:00'),
    ('region-chungnam-seosan', 'region', '충청남도 서산시', 'chungnam-seosan', '충청남도서산시', 'approved', 'ok', '2026-06-16 00:00:00', '2026-06-16 00:00:00'),
    ('region-chungnam-nonsan', 'region', '충청남도 논산시', 'chungnam-nonsan', '충청남도논산시', 'approved', 'ok', '2026-06-16 00:00:00', '2026-06-16 00:00:00'),
    ('region-chungnam-gyeryongsi', 'region', '충청남도 계룡시', 'chungnam-gyeryongsi', '충청남도계룡시', 'approved', 'ok', '2026-06-16 00:00:00', '2026-06-16 00:00:00'),
    ('region-chungnam-dangjinsi', 'region', '충청남도 당진시', 'chungnam-dangjinsi', '충청남도당진시', 'approved', 'ok', '2026-06-16 00:00:00', '2026-06-16 00:00:00'),
    ('region-chungnam-geumsan', 'region', '충청남도 금산군', 'chungnam-geumsan', '충청남도금산군', 'approved', 'partial', '2026-06-16 00:00:00', '2026-06-16 00:00:00'),
    ('region-chungnam-buyeo', 'region', '충청남도 부여군', 'chungnam-buyeo', '충청남도부여군', 'approved', 'partial', '2026-06-16 00:00:00', '2026-06-16 00:00:00'),
    ('region-chungnam-seocheon', 'region', '충청남도 서천군', 'chungnam-seocheon', '충청남도서천군', 'approved', 'partial', '2026-06-16 00:00:00', '2026-06-16 00:00:00'),
    ('region-chungnam-cheongyang', 'region', '충청남도 청양군', 'chungnam-cheongyang', '충청남도청양군', 'approved', 'partial', '2026-06-16 00:00:00', '2026-06-16 00:00:00'),
    ('region-chungnam-hongseong', 'region', '충청남도 홍성군', 'chungnam-hongseong', '충청남도홍성군', 'approved', 'ok', '2026-06-16 00:00:00', '2026-06-16 00:00:00'),
    ('region-chungnam-yesan', 'region', '충청남도 예산군', 'chungnam-yesan', '충청남도예산군', 'approved', 'ok', '2026-06-16 00:00:00', '2026-06-16 00:00:00'),
    ('region-chungnam-taean', 'region', '충청남도 태안군', 'chungnam-taean', '충청남도태안군', 'approved', 'partial', '2026-06-16 00:00:00', '2026-06-16 00:00:00'),
    ('region-jeonbuk-jeonjusiwansangu', 'region', '전라북도 전주시 완산구', 'jeonbuk-jeonjusiwansangu', '전라북도전주시완산구', 'approved', 'ok', '2026-06-16 00:00:00', '2026-06-16 00:00:00'),
    ('region-jeonbuk-jeonjusideokjingu', 'region', '전라북도 전주시 덕진구', 'jeonbuk-jeonjusideokjingu', '전라북도전주시덕진구', 'approved', 'ok', '2026-06-16 00:00:00', '2026-06-16 00:00:00'),
    ('region-jeonbuk-gunsan', 'region', '전라북도 군산시', 'jeonbuk-gunsan', '전라북도군산시', 'approved', 'ok', '2026-06-16 00:00:00', '2026-06-16 00:00:00'),
    ('region-jeonbuk-iksan', 'region', '전라북도 익산시', 'jeonbuk-iksan', '전라북도익산시', 'approved', 'ok', '2026-06-16 00:00:00', '2026-06-16 00:00:00'),
    ('region-jeonbuk-jeongeup', 'region', '전라북도 정읍시', 'jeonbuk-jeongeup', '전라북도정읍시', 'approved', 'ok', '2026-06-16 00:00:00', '2026-06-16 00:00:00'),
    ('region-jeonbuk-namwon', 'region', '전라북도 남원시', 'jeonbuk-namwon', '전라북도남원시', 'approved', 'ok', '2026-06-16 00:00:00', '2026-06-16 00:00:00'),
    ('region-jeonbuk-gimje', 'region', '전라북도 김제시', 'jeonbuk-gimje', '전라북도김제시', 'approved', 'ok', '2026-06-16 00:00:00', '2026-06-16 00:00:00'),
    ('region-jeonbuk-wanju', 'region', '전라북도 완주군', 'jeonbuk-wanju', '전라북도완주군', 'approved', 'partial', '2026-06-16 00:00:00', '2026-06-16 00:00:00'),
    ('region-jeonbuk-jinan', 'region', '전라북도 진안군', 'jeonbuk-jinan', '전라북도진안군', 'approved', 'partial', '2026-06-16 00:00:00', '2026-06-16 00:00:00'),
    ('region-jeonbuk-muju', 'region', '전라북도 무주군', 'jeonbuk-muju', '전라북도무주군', 'approved', 'partial', '2026-06-16 00:00:00', '2026-06-16 00:00:00'),
    ('region-jeonbuk-jangsu', 'region', '전라북도 장수군', 'jeonbuk-jangsu', '전라북도장수군', 'approved', 'partial', '2026-06-16 00:00:00', '2026-06-16 00:00:00'),
    ('region-jeonbuk-imsil', 'region', '전라북도 임실군', 'jeonbuk-imsil', '전라북도임실군', 'approved', 'partial', '2026-06-16 00:00:00', '2026-06-16 00:00:00'),
    ('region-jeonbuk-sunchang', 'region', '전라북도 순창군', 'jeonbuk-sunchang', '전라북도순창군', 'approved', 'partial', '2026-06-16 00:00:00', '2026-06-16 00:00:00'),
    ('region-jeonbuk-gochang', 'region', '전라북도 고창군', 'jeonbuk-gochang', '전라북도고창군', 'approved', 'partial', '2026-06-16 00:00:00', '2026-06-16 00:00:00'),
    ('region-jeonbuk-buan', 'region', '전라북도 부안군', 'jeonbuk-buan', '전라북도부안군', 'approved', 'partial', '2026-06-16 00:00:00', '2026-06-16 00:00:00'),
    ('region-jeonnam-mokpo', 'region', '전라남도 목포시', 'jeonnam-mokpo', '전라남도목포시', 'approved', 'ok', '2026-06-16 00:00:00', '2026-06-16 00:00:00'),
    ('region-jeonnam-yeosu', 'region', '전라남도 여수시', 'jeonnam-yeosu', '전라남도여수시', 'approved', 'ok', '2026-06-16 00:00:00', '2026-06-16 00:00:00'),
    ('region-jeonnam-suncheon', 'region', '전라남도 순천시', 'jeonnam-suncheon', '전라남도순천시', 'approved', 'ok', '2026-06-16 00:00:00', '2026-06-16 00:00:00'),
    ('region-jeonnam-naju', 'region', '전라남도 나주시', 'jeonnam-naju', '전라남도나주시', 'approved', 'ok', '2026-06-16 00:00:00', '2026-06-16 00:00:00'),
    ('region-jeonnam-gwangyang', 'region', '전라남도 광양시', 'jeonnam-gwangyang', '전라남도광양시', 'approved', 'ok', '2026-06-16 00:00:00', '2026-06-16 00:00:00'),
    ('region-jeonnam-damyang', 'region', '전라남도 담양군', 'jeonnam-damyang', '전라남도담양군', 'approved', 'partial', '2026-06-16 00:00:00', '2026-06-16 00:00:00'),
    ('region-jeonnam-gokseong', 'region', '전라남도 곡성군', 'jeonnam-gokseong', '전라남도곡성군', 'approved', 'partial', '2026-06-16 00:00:00', '2026-06-16 00:00:00'),
    ('region-jeonnam-gurye', 'region', '전라남도 구례군', 'jeonnam-gurye', '전라남도구례군', 'approved', 'partial', '2026-06-16 00:00:00', '2026-06-16 00:00:00'),
    ('region-jeonnam-goheung', 'region', '전라남도 고흥군', 'jeonnam-goheung', '전라남도고흥군', 'approved', 'partial', '2026-06-16 00:00:00', '2026-06-16 00:00:00'),
    ('region-jeonnam-boseong', 'region', '전라남도 보성군', 'jeonnam-boseong', '전라남도보성군', 'approved', 'partial', '2026-06-16 00:00:00', '2026-06-16 00:00:00'),
    ('region-jeonnam-hwasun', 'region', '전라남도 화순군', 'jeonnam-hwasun', '전라남도화순군', 'approved', 'partial', '2026-06-16 00:00:00', '2026-06-16 00:00:00'),
    ('region-jeonnam-jangheung', 'region', '전라남도 장흥군', 'jeonnam-jangheung', '전라남도장흥군', 'approved', 'partial', '2026-06-16 00:00:00', '2026-06-16 00:00:00'),
    ('region-jeonnam-gangjin', 'region', '전라남도 강진군', 'jeonnam-gangjin', '전라남도강진군', 'approved', 'partial', '2026-06-16 00:00:00', '2026-06-16 00:00:00'),
    ('region-jeonnam-haenam', 'region', '전라남도 해남군', 'jeonnam-haenam', '전라남도해남군', 'approved', 'partial', '2026-06-16 00:00:00', '2026-06-16 00:00:00'),
    ('region-jeonnam-yeongam', 'region', '전라남도 영암군', 'jeonnam-yeongam', '전라남도영암군', 'approved', 'partial', '2026-06-16 00:00:00', '2026-06-16 00:00:00'),
    ('region-jeonnam-muan', 'region', '전라남도 무안군', 'jeonnam-muan', '전라남도무안군', 'approved', 'ok', '2026-06-16 00:00:00', '2026-06-16 00:00:00'),
    ('region-jeonnam-hampyeong', 'region', '전라남도 함평군', 'jeonnam-hampyeong', '전라남도함평군', 'approved', 'partial', '2026-06-16 00:00:00', '2026-06-16 00:00:00'),
    ('region-jeonnam-yeonggwang', 'region', '전라남도 영광군', 'jeonnam-yeonggwang', '전라남도영광군', 'approved', 'partial', '2026-06-16 00:00:00', '2026-06-16 00:00:00'),
    ('region-jeonnam-jangseong', 'region', '전라남도 장성군', 'jeonnam-jangseong', '전라남도장성군', 'approved', 'partial', '2026-06-16 00:00:00', '2026-06-16 00:00:00'),
    ('region-jeonnam-wando', 'region', '전라남도 완도군', 'jeonnam-wando', '전라남도완도군', 'approved', 'partial', '2026-06-16 00:00:00', '2026-06-16 00:00:00'),
    ('region-jeonnam-jindo', 'region', '전라남도 진도군', 'jeonnam-jindo', '전라남도진도군', 'approved', 'partial', '2026-06-16 00:00:00', '2026-06-16 00:00:00'),
    ('region-jeonnam-sinan', 'region', '전라남도 신안군', 'jeonnam-sinan', '전라남도신안군', 'approved', 'partial', '2026-06-16 00:00:00', '2026-06-16 00:00:00'),
    ('region-gyeongbuk-nam', 'region', '경상북도 포항시 남구', 'gyeongbuk-nam', '경상북도포항시남구', 'approved', 'ok', '2026-06-16 00:00:00', '2026-06-16 00:00:00'),
    ('region-gyeongbuk-buk', 'region', '경상북도 포항시 북구', 'gyeongbuk-buk', '경상북도포항시북구', 'approved', 'ok', '2026-06-16 00:00:00', '2026-06-16 00:00:00'),
    ('region-gyeongbuk-gyeongju', 'region', '경상북도 경주시', 'gyeongbuk-gyeongju', '경상북도경주시', 'approved', 'ok', '2026-06-16 00:00:00', '2026-06-16 00:00:00'),
    ('region-gyeongbuk-gimcheon', 'region', '경상북도 김천시', 'gyeongbuk-gimcheon', '경상북도김천시', 'approved', 'ok', '2026-06-16 00:00:00', '2026-06-16 00:00:00'),
    ('region-gyeongbuk-andong', 'region', '경상북도 안동시', 'gyeongbuk-andong', '경상북도안동시', 'approved', 'ok', '2026-06-16 00:00:00', '2026-06-16 00:00:00'),
    ('region-gyeongbuk-gumi', 'region', '경상북도 구미시', 'gyeongbuk-gumi', '경상북도구미시', 'approved', 'ok', '2026-06-16 00:00:00', '2026-06-16 00:00:00'),
    ('region-gyeongbuk-yeongju', 'region', '경상북도 영주시', 'gyeongbuk-yeongju', '경상북도영주시', 'approved', 'ok', '2026-06-16 00:00:00', '2026-06-16 00:00:00'),
    ('region-gyeongbuk-yeongcheon', 'region', '경상북도 영천시', 'gyeongbuk-yeongcheon', '경상북도영천시', 'approved', 'ok', '2026-06-16 00:00:00', '2026-06-16 00:00:00'),
    ('region-gyeongbuk-sangju', 'region', '경상북도 상주시', 'gyeongbuk-sangju', '경상북도상주시', 'approved', 'ok', '2026-06-16 00:00:00', '2026-06-16 00:00:00'),
    ('region-gyeongbuk-mungyeong', 'region', '경상북도 문경시', 'gyeongbuk-mungyeong', '경상북도문경시', 'approved', 'ok', '2026-06-16 00:00:00', '2026-06-16 00:00:00'),
    ('region-gyeongbuk-gyeongsan', 'region', '경상북도 경산시', 'gyeongbuk-gyeongsan', '경상북도경산시', 'approved', 'ok', '2026-06-16 00:00:00', '2026-06-16 00:00:00'),
    ('region-gyeongbuk-gunwi', 'region', '경상북도 군위군', 'gyeongbuk-gunwi', '경상북도군위군', 'approved', 'partial', '2026-06-16 00:00:00', '2026-06-16 00:00:00'),
    ('region-gyeongbuk-uiseong', 'region', '경상북도 의성군', 'gyeongbuk-uiseong', '경상북도의성군', 'approved', 'partial', '2026-06-16 00:00:00', '2026-06-16 00:00:00'),
    ('region-gyeongbuk-cheongsong', 'region', '경상북도 청송군', 'gyeongbuk-cheongsong', '경상북도청송군', 'approved', 'partial', '2026-06-16 00:00:00', '2026-06-16 00:00:00'),
    ('region-gyeongbuk-yeongyang', 'region', '경상북도 영양군', 'gyeongbuk-yeongyang', '경상북도영양군', 'approved', 'partial', '2026-06-16 00:00:00', '2026-06-16 00:00:00'),
    ('region-gyeongbuk-yeongdeok', 'region', '경상북도 영덕군', 'gyeongbuk-yeongdeok', '경상북도영덕군', 'approved', 'partial', '2026-06-16 00:00:00', '2026-06-16 00:00:00'),
    ('region-gyeongbuk-cheongdo', 'region', '경상북도 청도군', 'gyeongbuk-cheongdo', '경상북도청도군', 'approved', 'partial', '2026-06-16 00:00:00', '2026-06-16 00:00:00'),
    ('region-gyeongbuk-goryeong', 'region', '경상북도 고령군', 'gyeongbuk-goryeong', '경상북도고령군', 'approved', 'partial', '2026-06-16 00:00:00', '2026-06-16 00:00:00'),
    ('region-gyeongbuk-seongju', 'region', '경상북도 성주군', 'gyeongbuk-seongju', '경상북도성주군', 'approved', 'partial', '2026-06-16 00:00:00', '2026-06-16 00:00:00'),
    ('region-gyeongbuk-chilgok', 'region', '경상북도 칠곡군', 'gyeongbuk-chilgok', '경상북도칠곡군', 'approved', 'ok', '2026-06-16 00:00:00', '2026-06-16 00:00:00'),
    ('region-gyeongbuk-yecheon', 'region', '경상북도 예천군', 'gyeongbuk-yecheon', '경상북도예천군', 'approved', 'partial', '2026-06-16 00:00:00', '2026-06-16 00:00:00'),
    ('region-gyeongbuk-bonghwa', 'region', '경상북도 봉화군', 'gyeongbuk-bonghwa', '경상북도봉화군', 'approved', 'partial', '2026-06-16 00:00:00', '2026-06-16 00:00:00'),
    ('region-gyeongbuk-uljin', 'region', '경상북도 울진군', 'gyeongbuk-uljin', '경상북도울진군', 'approved', 'partial', '2026-06-16 00:00:00', '2026-06-16 00:00:00'),
    ('region-gyeongbuk-ulleung', 'region', '경상북도 울릉군', 'gyeongbuk-ulleung', '경상북도울릉군', 'approved', 'partial', '2026-06-16 00:00:00', '2026-06-16 00:00:00'),
    ('region-gyeongnam-jinju', 'region', '경상남도 진주시', 'gyeongnam-jinju', '경상남도진주시', 'approved', 'ok', '2026-06-16 00:00:00', '2026-06-16 00:00:00'),
    ('region-gyeongnam-tongyeong', 'region', '경상남도 통영시', 'gyeongnam-tongyeong', '경상남도통영시', 'approved', 'ok', '2026-06-16 00:00:00', '2026-06-16 00:00:00'),
    ('region-gyeongnam-sacheon', 'region', '경상남도 사천시', 'gyeongnam-sacheon', '경상남도사천시', 'approved', 'ok', '2026-06-16 00:00:00', '2026-06-16 00:00:00'),
    ('region-gyeongnam-gimhae', 'region', '경상남도 김해시', 'gyeongnam-gimhae', '경상남도김해시', 'approved', 'ok', '2026-06-16 00:00:00', '2026-06-16 00:00:00'),
    ('region-gyeongnam-miryang', 'region', '경상남도 밀양시', 'gyeongnam-miryang', '경상남도밀양시', 'approved', 'ok', '2026-06-16 00:00:00', '2026-06-16 00:00:00'),
    ('region-gyeongnam-geoje', 'region', '경상남도 거제시', 'gyeongnam-geoje', '경상남도거제시', 'approved', 'ok', '2026-06-16 00:00:00', '2026-06-16 00:00:00'),
    ('region-gyeongnam-yangsan', 'region', '경상남도 양산시', 'gyeongnam-yangsan', '경상남도양산시', 'approved', 'ok', '2026-06-16 00:00:00', '2026-06-16 00:00:00'),
    ('region-gyeongnam-uichanggu', 'region', '경상남도 창원시 의창구', 'gyeongnam-uichanggu', '경상남도창원시의창구', 'approved', 'ok', '2026-06-16 00:00:00', '2026-06-16 00:00:00'),
    ('region-gyeongnam-seongsangu', 'region', '경상남도 창원시 성산구', 'gyeongnam-seongsangu', '경상남도창원시성산구', 'approved', 'ok', '2026-06-16 00:00:00', '2026-06-16 00:00:00'),
    ('region-gyeongnam-masanhappogu', 'region', '경상남도 창원시 마산합포구', 'gyeongnam-masanhappogu', '경상남도창원시마산합포구', 'approved', 'ok', '2026-06-16 00:00:00', '2026-06-16 00:00:00'),
    ('region-gyeongnam-masanhoewongu', 'region', '경상남도 창원시 마산회원구', 'gyeongnam-masanhoewongu', '경상남도창원시마산회원구', 'approved', 'ok', '2026-06-16 00:00:00', '2026-06-16 00:00:00'),
    ('region-gyeongnam-jinhaegu', 'region', '경상남도 창원시 진해구', 'gyeongnam-jinhaegu', '경상남도창원시진해구', 'approved', 'ok', '2026-06-16 00:00:00', '2026-06-16 00:00:00'),
    ('region-gyeongnam-uiryeong', 'region', '경상남도 의령군', 'gyeongnam-uiryeong', '경상남도의령군', 'approved', 'partial', '2026-06-16 00:00:00', '2026-06-16 00:00:00'),
    ('region-gyeongnam-haman', 'region', '경상남도 함안군', 'gyeongnam-haman', '경상남도함안군', 'approved', 'partial', '2026-06-16 00:00:00', '2026-06-16 00:00:00'),
    ('region-gyeongnam-changnyeong', 'region', '경상남도 창녕군', 'gyeongnam-changnyeong', '경상남도창녕군', 'approved', 'partial', '2026-06-16 00:00:00', '2026-06-16 00:00:00'),
    ('region-gyeongnam-goseong', 'region', '경상남도 고성군', 'gyeongnam-goseong', '경상남도고성군', 'approved', 'partial', '2026-06-16 00:00:00', '2026-06-16 00:00:00'),
    ('region-gyeongnam-namhae', 'region', '경상남도 남해군', 'gyeongnam-namhae', '경상남도남해군', 'approved', 'partial', '2026-06-16 00:00:00', '2026-06-16 00:00:00'),
    ('region-gyeongnam-hadong', 'region', '경상남도 하동군', 'gyeongnam-hadong', '경상남도하동군', 'approved', 'partial', '2026-06-16 00:00:00', '2026-06-16 00:00:00'),
    ('region-gyeongnam-sancheong', 'region', '경상남도 산청군', 'gyeongnam-sancheong', '경상남도산청군', 'approved', 'partial', '2026-06-16 00:00:00', '2026-06-16 00:00:00'),
    ('region-gyeongnam-hamyang', 'region', '경상남도 함양군', 'gyeongnam-hamyang', '경상남도함양군', 'approved', 'partial', '2026-06-16 00:00:00', '2026-06-16 00:00:00'),
    ('region-gyeongnam-geochang', 'region', '경상남도 거창군', 'gyeongnam-geochang', '경상남도거창군', 'approved', 'partial', '2026-06-16 00:00:00', '2026-06-16 00:00:00'),
    ('region-gyeongnam-hapcheon', 'region', '경상남도 합천군', 'gyeongnam-hapcheon', '경상남도합천군', 'approved', 'partial', '2026-06-16 00:00:00', '2026-06-16 00:00:00'),
    ('region-jeju-jeju', 'region', '제주특별자치도 제주시', 'jeju-jeju', '제주특별자치도제주시', 'approved', 'ok', '2026-06-16 00:00:00', '2026-06-16 00:00:00'),
    ('region-jeju-seogwipo', 'region', '제주특별자치도 서귀포시', 'jeju-seogwipo', '제주특별자치도서귀포시', 'approved', 'ok', '2026-06-16 00:00:00', '2026-06-16 00:00:00')
on duplicate key update
    display_name = values(display_name),
    normalized_name = values(normalized_name),
    review_state = values(review_state),
    data_status = case
        when real_estate_targets.data_status = 'mock' then values(data_status)
        else real_estate_targets.data_status
    end,
    updated_at = values(updated_at);

insert into real_estate_regions (
    target_id, region_level, parent_region_id, legal_dong_code, region_code, source
) values
    ('region-seoul-jongno', 'sigungu', 'region-seoul', '11110', '11010', 'seed:kostat-2018-rone-map'),
    ('region-seoul-jung', 'sigungu', 'region-seoul', '11140', '11020', 'seed:kostat-2018-rone-map'),
    ('region-seoul-yongsan', 'sigungu', 'region-seoul', '11170', '11030', 'seed:kostat-2018-rone-map'),
    ('region-seoul-seongdong', 'sigungu', 'region-seoul', '11200', '11040', 'seed:kostat-2018-rone-map'),
    ('region-seoul-gwangjin', 'sigungu', 'region-seoul', '11215', '11050', 'seed:kostat-2018-rone-map'),
    ('region-seoul-dongdaemun', 'sigungu', 'region-seoul', '11230', '11060', 'seed:kostat-2018-rone-map'),
    ('region-seoul-jungnang', 'sigungu', 'region-seoul', '11260', '11070', 'seed:kostat-2018-rone-map'),
    ('region-seoul-seongbuk', 'sigungu', 'region-seoul', '11290', '11080', 'seed:kostat-2018-rone-map'),
    ('region-seoul-gangbuk', 'sigungu', 'region-seoul', '11305', '11090', 'seed:kostat-2018-rone-map'),
    ('region-seoul-dobong', 'sigungu', 'region-seoul', '11320', '11100', 'seed:kostat-2018-rone-map'),
    ('region-seoul-nowon', 'sigungu', 'region-seoul', '11350', '11110', 'seed:kostat-2018-rone-map'),
    ('region-seoul-eunpyeong', 'sigungu', 'region-seoul', '11380', '11120', 'seed:kostat-2018-rone-map'),
    ('region-seoul-seodaemun', 'sigungu', 'region-seoul', '11410', '11130', 'seed:kostat-2018-rone-map'),
    ('region-seoul-mapo', 'sigungu', 'region-seoul', '11440', '11140', 'seed:kostat-2018-rone-map'),
    ('region-seoul-yangcheon', 'sigungu', 'region-seoul', '11470', '11150', 'seed:kostat-2018-rone-map'),
    ('region-seoul-gangseo', 'sigungu', 'region-seoul', '11500', '11160', 'seed:kostat-2018-rone-map'),
    ('region-seoul-guro', 'sigungu', 'region-seoul', '11530', '11170', 'seed:kostat-2018-rone-map'),
    ('region-seoul-geumcheon', 'sigungu', 'region-seoul', '11545', '11180', 'seed:kostat-2018-rone-map'),
    ('region-seoul-yeongdeungpo', 'sigungu', 'region-seoul', '11560', '11190', 'seed:kostat-2018-rone-map'),
    ('region-seoul-dongjak', 'sigungu', 'region-seoul', '11590', '11200', 'seed:kostat-2018-rone-map'),
    ('region-seoul-gwanak', 'sigungu', 'region-seoul', '11620', '11210', 'seed:kostat-2018-rone-map'),
    ('region-seoul-seocho', 'sigungu', 'region-seoul', '11650', '11220', 'seed:kostat-2018-rone-map'),
    ('region-seoul-gangnam', 'sigungu', 'region-seoul', '11680', '11230', 'seed:kostat-2018-rone-map'),
    ('region-seoul-songpa', 'sigungu', 'region-seoul', '11710', '11240', 'seed:kostat-2018-rone-map'),
    ('region-seoul-gangdong', 'sigungu', 'region-seoul', '11740', '11250', 'seed:kostat-2018-rone-map'),
    ('region-busan-jung', 'sigungu', 'region-busan', '26110', '21010', 'seed:kostat-2018-rone-map'),
    ('region-busan-seo', 'sigungu', 'region-busan', '26140', '21020', 'seed:kostat-2018-rone-map'),
    ('region-busan-dong', 'sigungu', 'region-busan', '26170', '21030', 'seed:kostat-2018-rone-map'),
    ('region-busan-yeongdo', 'sigungu', 'region-busan', '26200', '21040', 'seed:kostat-2018-rone-map'),
    ('region-busan-busanjin', 'sigungu', 'region-busan', '26230', '21050', 'seed:kostat-2018-rone-map'),
    ('region-busan-dongnae', 'sigungu', 'region-busan', '26260', '21060', 'seed:kostat-2018-rone-map'),
    ('region-busan-nam', 'sigungu', 'region-busan', '26290', '21070', 'seed:kostat-2018-rone-map'),
    ('region-busan-buk', 'sigungu', 'region-busan', '26320', '21080', 'seed:kostat-2018-rone-map'),
    ('region-busan-haeundae', 'sigungu', 'region-busan', '26350', '21090', 'seed:kostat-2018-rone-map'),
    ('region-busan-saha', 'sigungu', 'region-busan', '26380', '21100', 'seed:kostat-2018-rone-map'),
    ('region-busan-geumjeong', 'sigungu', 'region-busan', '26410', '21110', 'seed:kostat-2018-rone-map'),
    ('region-busan-gangseo', 'sigungu', 'region-busan', '26440', '21120', 'seed:kostat-2018-rone-map'),
    ('region-busan-yeonje', 'sigungu', 'region-busan', '26470', '21130', 'seed:kostat-2018-rone-map'),
    ('region-busan-suyeong', 'sigungu', 'region-busan', '26500', '21140', 'seed:kostat-2018-rone-map'),
    ('region-busan-sasang', 'sigungu', 'region-busan', '26530', '21150', 'seed:kostat-2018-rone-map'),
    ('region-busan-gijang', 'sigungu', 'region-busan', '26710', '21310', 'seed:kostat-2018-rone-map'),
    ('region-daegu-jung', 'sigungu', 'region-daegu', '27110', '22010', 'seed:kostat-2018-rone-map'),
    ('region-daegu-dong', 'sigungu', 'region-daegu', '27140', '22020', 'seed:kostat-2018-rone-map'),
    ('region-daegu-seo', 'sigungu', 'region-daegu', '27170', '22030', 'seed:kostat-2018-rone-map'),
    ('region-daegu-nam', 'sigungu', 'region-daegu', '27200', '22040', 'seed:kostat-2018-rone-map'),
    ('region-daegu-buk', 'sigungu', 'region-daegu', '27230', '22050', 'seed:kostat-2018-rone-map'),
    ('region-daegu-suseong', 'sigungu', 'region-daegu', '27260', '22060', 'seed:kostat-2018-rone-map'),
    ('region-daegu-dalseo', 'sigungu', 'region-daegu', '27290', '22070', 'seed:kostat-2018-rone-map'),
    ('region-daegu-dalseong', 'sigungu', 'region-daegu', '27710', '22310', 'seed:kostat-2018-rone-map'),
    ('region-incheon-jung', 'sigungu', 'region-incheon', '28110', '23010', 'seed:kostat-2018-rone-map'),
    ('region-incheon-dong', 'sigungu', 'region-incheon', '28140', '23020', 'seed:kostat-2018-rone-map'),
    ('region-incheon-nam', 'sigungu', 'region-incheon', null, '23030', 'seed:kostat-2018-rone-map'),
    ('region-incheon-yeonsu', 'sigungu', 'region-incheon', '28185', '23040', 'seed:kostat-2018-rone-map'),
    ('region-incheon-namdong', 'sigungu', 'region-incheon', '28200', '23050', 'seed:kostat-2018-rone-map'),
    ('region-incheon-bupyeong', 'sigungu', 'region-incheon', '28237', '23060', 'seed:kostat-2018-rone-map'),
    ('region-incheon-gyeyang', 'sigungu', 'region-incheon', '28245', '23070', 'seed:kostat-2018-rone-map'),
    ('region-incheon-seo', 'sigungu', 'region-incheon', '28260', '23080', 'seed:kostat-2018-rone-map'),
    ('region-incheon-ganghwa', 'sigungu', 'region-incheon', null, '23310', 'seed:kostat-2018-rone-map'),
    ('region-incheon-ongjin', 'sigungu', 'region-incheon', null, '23320', 'seed:kostat-2018-rone-map'),
    ('region-gwangju-dong', 'sigungu', 'region-gwangju', '29110', '24010', 'seed:kostat-2018-rone-map'),
    ('region-gwangju-seo', 'sigungu', 'region-gwangju', '29140', '24020', 'seed:kostat-2018-rone-map'),
    ('region-gwangju-nam', 'sigungu', 'region-gwangju', '29155', '24030', 'seed:kostat-2018-rone-map'),
    ('region-gwangju-buk', 'sigungu', 'region-gwangju', '29170', '24040', 'seed:kostat-2018-rone-map'),
    ('region-gwangju-gwangsan', 'sigungu', 'region-gwangju', '29200', '24050', 'seed:kostat-2018-rone-map'),
    ('region-daejeon-dong', 'sigungu', 'region-daejeon', '30110', '25010', 'seed:kostat-2018-rone-map'),
    ('region-daejeon-jung', 'sigungu', 'region-daejeon', '30140', '25020', 'seed:kostat-2018-rone-map'),
    ('region-daejeon-seo', 'sigungu', 'region-daejeon', '30170', '25030', 'seed:kostat-2018-rone-map'),
    ('region-daejeon-yuseong', 'sigungu', 'region-daejeon', '30200', '25040', 'seed:kostat-2018-rone-map'),
    ('region-daejeon-daedeok', 'sigungu', 'region-daejeon', '30230', '25050', 'seed:kostat-2018-rone-map'),
    ('region-ulsan-jung', 'sigungu', 'region-ulsan', '31110', '26010', 'seed:kostat-2018-rone-map'),
    ('region-ulsan-nam', 'sigungu', 'region-ulsan', '31140', '26020', 'seed:kostat-2018-rone-map'),
    ('region-ulsan-dong', 'sigungu', 'region-ulsan', '31170', '26030', 'seed:kostat-2018-rone-map'),
    ('region-ulsan-buk', 'sigungu', 'region-ulsan', '31200', '26040', 'seed:kostat-2018-rone-map'),
    ('region-ulsan-ulju', 'sigungu', 'region-ulsan', '31710', '26310', 'seed:kostat-2018-rone-map'),
    ('region-sejong-sejongsi', 'sigungu', 'region-sejong', null, '29010', 'seed:kostat-2018-rone-map'),
    ('region-gyeonggi-suwonsijangangu', 'sigungu', 'region-gyeonggi', '41111', '31011', 'seed:kostat-2018-rone-map'),
    ('region-gyeonggi-suwonsigwonseongu', 'sigungu', 'region-gyeonggi', '41113', '31012', 'seed:kostat-2018-rone-map'),
    ('region-gyeonggi-suwonsipaldalgu', 'sigungu', 'region-gyeonggi', '41115', '31013', 'seed:kostat-2018-rone-map'),
    ('region-gyeonggi-suwonsiyeongtonggu', 'sigungu', 'region-gyeonggi', '41117', '31014', 'seed:kostat-2018-rone-map'),
    ('region-gyeonggi-seongnamsisujeonggu', 'sigungu', 'region-gyeonggi', '41131', '31021', 'seed:kostat-2018-rone-map'),
    ('region-gyeonggi-seongnamsijungwongu', 'sigungu', 'region-gyeonggi', '41133', '31022', 'seed:kostat-2018-rone-map'),
    ('region-gyeonggi-seongnamsibundanggu', 'sigungu', 'region-gyeonggi', '41135', '31023', 'seed:kostat-2018-rone-map'),
    ('region-gyeonggi-uijeongbu', 'sigungu', 'region-gyeonggi', '41150', '31030', 'seed:kostat-2018-rone-map'),
    ('region-gyeonggi-anyangsimanangu', 'sigungu', 'region-gyeonggi', '41171', '31041', 'seed:kostat-2018-rone-map'),
    ('region-gyeonggi-anyangsidongangu', 'sigungu', 'region-gyeonggi', '41173', '31042', 'seed:kostat-2018-rone-map'),
    ('region-gyeonggi-bucheon', 'sigungu', 'region-gyeonggi', '41190', '31050', 'seed:kostat-2018-rone-map'),
    ('region-gyeonggi-gwangmyeong', 'sigungu', 'region-gyeonggi', '41210', '31060', 'seed:kostat-2018-rone-map'),
    ('region-gyeonggi-pyeongtaek', 'sigungu', 'region-gyeonggi', '41220', '31070', 'seed:kostat-2018-rone-map'),
    ('region-gyeonggi-dongducheon', 'sigungu', 'region-gyeonggi', '41250', '31080', 'seed:kostat-2018-rone-map'),
    ('region-gyeonggi-ansansisangnokgu', 'sigungu', 'region-gyeonggi', '41271', '31091', 'seed:kostat-2018-rone-map'),
    ('region-gyeonggi-ansansidanwongu', 'sigungu', 'region-gyeonggi', '41273', '31092', 'seed:kostat-2018-rone-map'),
    ('region-gyeonggi-goyangsideogyanggu', 'sigungu', 'region-gyeonggi', '41281', '31101', 'seed:kostat-2018-rone-map'),
    ('region-gyeonggi-goyangsiilsandonggu', 'sigungu', 'region-gyeonggi', '41285', '31103', 'seed:kostat-2018-rone-map'),
    ('region-gyeonggi-goyangsiilsanseogu', 'sigungu', 'region-gyeonggi', '41287', '31104', 'seed:kostat-2018-rone-map'),
    ('region-gyeonggi-gwacheon', 'sigungu', 'region-gyeonggi', '41290', '31110', 'seed:kostat-2018-rone-map'),
    ('region-gyeonggi-guri', 'sigungu', 'region-gyeonggi', '41310', '31120', 'seed:kostat-2018-rone-map'),
    ('region-gyeonggi-namyangju', 'sigungu', 'region-gyeonggi', '41360', '31130', 'seed:kostat-2018-rone-map'),
    ('region-gyeonggi-osan', 'sigungu', 'region-gyeonggi', '41370', '31140', 'seed:kostat-2018-rone-map'),
    ('region-gyeonggi-siheung', 'sigungu', 'region-gyeonggi', '41390', '31150', 'seed:kostat-2018-rone-map'),
    ('region-gyeonggi-gunpo', 'sigungu', 'region-gyeonggi', '41410', '31160', 'seed:kostat-2018-rone-map'),
    ('region-gyeonggi-uiwang', 'sigungu', 'region-gyeonggi', '41430', '31170', 'seed:kostat-2018-rone-map'),
    ('region-gyeonggi-hanam', 'sigungu', 'region-gyeonggi', '41450', '31180', 'seed:kostat-2018-rone-map'),
    ('region-gyeonggi-yonginsicheoingu', 'sigungu', 'region-gyeonggi', '41461', '31191', 'seed:kostat-2018-rone-map'),
    ('region-gyeonggi-yonginsigiheunggu', 'sigungu', 'region-gyeonggi', '41463', '31192', 'seed:kostat-2018-rone-map'),
    ('region-gyeonggi-yonginsisujigu', 'sigungu', 'region-gyeonggi', '41465', '31193', 'seed:kostat-2018-rone-map'),
    ('region-gyeonggi-paju', 'sigungu', 'region-gyeonggi', '41480', '31200', 'seed:kostat-2018-rone-map'),
    ('region-gyeonggi-icheon', 'sigungu', 'region-gyeonggi', '41500', '31210', 'seed:kostat-2018-rone-map'),
    ('region-gyeonggi-anseong', 'sigungu', 'region-gyeonggi', '41550', '31220', 'seed:kostat-2018-rone-map'),
    ('region-gyeonggi-gimpo', 'sigungu', 'region-gyeonggi', '41570', '31230', 'seed:kostat-2018-rone-map'),
    ('region-gyeonggi-hwaseongsi', 'sigungu', 'region-gyeonggi', '41590', '31240', 'seed:kostat-2018-rone-map'),
    ('region-gyeonggi-gwangju', 'sigungu', 'region-gyeonggi', '41610', '31250', 'seed:kostat-2018-rone-map'),
    ('region-gyeonggi-yangjusi', 'sigungu', 'region-gyeonggi', '41630', '31260', 'seed:kostat-2018-rone-map'),
    ('region-gyeonggi-pocheonsi', 'sigungu', 'region-gyeonggi', '41650', '31270', 'seed:kostat-2018-rone-map'),
    ('region-gyeonggi-yeoju', 'sigungu', 'region-gyeonggi', '41670', '31280', 'seed:kostat-2018-rone-map'),
    ('region-gyeonggi-yeoncheon', 'sigungu', 'region-gyeonggi', null, '31350', 'seed:kostat-2018-rone-map'),
    ('region-gyeonggi-gapyeong', 'sigungu', 'region-gyeonggi', null, '31370', 'seed:kostat-2018-rone-map'),
    ('region-gyeonggi-yangpyeong', 'sigungu', 'region-gyeonggi', null, '31380', 'seed:kostat-2018-rone-map'),
    ('region-gangwon-chuncheon', 'sigungu', 'region-gangwon', '51110', '32010', 'seed:kostat-2018-rone-map'),
    ('region-gangwon-wonju', 'sigungu', 'region-gangwon', '51130', '32020', 'seed:kostat-2018-rone-map'),
    ('region-gangwon-gangneung', 'sigungu', 'region-gangwon', '51150', '32030', 'seed:kostat-2018-rone-map'),
    ('region-gangwon-donghae', 'sigungu', 'region-gangwon', '51170', '32040', 'seed:kostat-2018-rone-map'),
    ('region-gangwon-taebaek', 'sigungu', 'region-gangwon', '51190', '32050', 'seed:kostat-2018-rone-map'),
    ('region-gangwon-sokcho', 'sigungu', 'region-gangwon', '51210', '32060', 'seed:kostat-2018-rone-map'),
    ('region-gangwon-samcheok', 'sigungu', 'region-gangwon', '51230', '32070', 'seed:kostat-2018-rone-map'),
    ('region-gangwon-hongcheon', 'sigungu', 'region-gangwon', null, '32310', 'seed:kostat-2018-rone-map'),
    ('region-gangwon-hoengseong', 'sigungu', 'region-gangwon', null, '32320', 'seed:kostat-2018-rone-map'),
    ('region-gangwon-yeongwol', 'sigungu', 'region-gangwon', null, '32330', 'seed:kostat-2018-rone-map'),
    ('region-gangwon-pyeongchang', 'sigungu', 'region-gangwon', null, '32340', 'seed:kostat-2018-rone-map'),
    ('region-gangwon-jeongseon', 'sigungu', 'region-gangwon', null, '32350', 'seed:kostat-2018-rone-map'),
    ('region-gangwon-gongju', 'sigungu', 'region-gangwon', null, '32360', 'seed:kostat-2018-rone-map'),
    ('region-gangwon-hwacheon', 'sigungu', 'region-gangwon', null, '32370', 'seed:kostat-2018-rone-map'),
    ('region-gangwon-yanggu', 'sigungu', 'region-gangwon', null, '32380', 'seed:kostat-2018-rone-map'),
    ('region-gangwon-inje', 'sigungu', 'region-gangwon', null, '32390', 'seed:kostat-2018-rone-map'),
    ('region-gangwon-goseong', 'sigungu', 'region-gangwon', null, '32400', 'seed:kostat-2018-rone-map'),
    ('region-gangwon-yangyang', 'sigungu', 'region-gangwon', null, '32410', 'seed:kostat-2018-rone-map'),
    ('region-chungbuk-chungju', 'sigungu', 'region-chungbuk', '43130', '33020', 'seed:kostat-2018-rone-map'),
    ('region-chungbuk-jecheon', 'sigungu', 'region-chungbuk', '43150', '33030', 'seed:kostat-2018-rone-map'),
    ('region-chungbuk-cheongjusisangdanggu', 'sigungu', 'region-chungbuk', '43111', '33041', 'seed:kostat-2018-rone-map'),
    ('region-chungbuk-cheongjusiseowongu', 'sigungu', 'region-chungbuk', '43112', '33042', 'seed:kostat-2018-rone-map'),
    ('region-chungbuk-cheongjusiheungdeokgu', 'sigungu', 'region-chungbuk', '43113', '33043', 'seed:kostat-2018-rone-map'),
    ('region-chungbuk-cheongjusicheongwongu', 'sigungu', 'region-chungbuk', '43114', '33044', 'seed:kostat-2018-rone-map'),
    ('region-chungbuk-boeun', 'sigungu', 'region-chungbuk', null, '33320', 'seed:kostat-2018-rone-map'),
    ('region-chungbuk-okcheon', 'sigungu', 'region-chungbuk', null, '33330', 'seed:kostat-2018-rone-map'),
    ('region-chungbuk-yeongdong', 'sigungu', 'region-chungbuk', null, '33340', 'seed:kostat-2018-rone-map'),
    ('region-chungbuk-jincheon', 'sigungu', 'region-chungbuk', null, '33350', 'seed:kostat-2018-rone-map'),
    ('region-chungbuk-goesan', 'sigungu', 'region-chungbuk', null, '33360', 'seed:kostat-2018-rone-map'),
    ('region-chungbuk-eumseong', 'sigungu', 'region-chungbuk', '43770', '33370', 'seed:kostat-2018-rone-map'),
    ('region-chungbuk-danyang', 'sigungu', 'region-chungbuk', null, '33380', 'seed:kostat-2018-rone-map'),
    ('region-chungbuk-jeungpyeonggun', 'sigungu', 'region-chungbuk', null, '33390', 'seed:kostat-2018-rone-map'),
    ('region-chungnam-cheonansidongnamgu', 'sigungu', 'region-chungnam', '44131', '34011', 'seed:kostat-2018-rone-map'),
    ('region-chungnam-cheonansiseobukgu', 'sigungu', 'region-chungnam', '44133', '34012', 'seed:kostat-2018-rone-map'),
    ('region-chungnam-gongju', 'sigungu', 'region-chungnam', '44150', '34020', 'seed:kostat-2018-rone-map'),
    ('region-chungnam-boryeong', 'sigungu', 'region-chungnam', '44180', '34030', 'seed:kostat-2018-rone-map'),
    ('region-chungnam-asan', 'sigungu', 'region-chungnam', '44200', '34040', 'seed:kostat-2018-rone-map'),
    ('region-chungnam-seosan', 'sigungu', 'region-chungnam', '44210', '34050', 'seed:kostat-2018-rone-map'),
    ('region-chungnam-nonsan', 'sigungu', 'region-chungnam', '44230', '34060', 'seed:kostat-2018-rone-map'),
    ('region-chungnam-gyeryongsi', 'sigungu', 'region-chungnam', '44250', '34070', 'seed:kostat-2018-rone-map'),
    ('region-chungnam-dangjinsi', 'sigungu', 'region-chungnam', '44270', '34080', 'seed:kostat-2018-rone-map'),
    ('region-chungnam-geumsan', 'sigungu', 'region-chungnam', null, '34310', 'seed:kostat-2018-rone-map'),
    ('region-chungnam-buyeo', 'sigungu', 'region-chungnam', null, '34330', 'seed:kostat-2018-rone-map'),
    ('region-chungnam-seocheon', 'sigungu', 'region-chungnam', null, '34340', 'seed:kostat-2018-rone-map'),
    ('region-chungnam-cheongyang', 'sigungu', 'region-chungnam', null, '34350', 'seed:kostat-2018-rone-map'),
    ('region-chungnam-hongseong', 'sigungu', 'region-chungnam', '44800', '34360', 'seed:kostat-2018-rone-map'),
    ('region-chungnam-yesan', 'sigungu', 'region-chungnam', '44810', '34370', 'seed:kostat-2018-rone-map'),
    ('region-chungnam-taean', 'sigungu', 'region-chungnam', null, '34380', 'seed:kostat-2018-rone-map'),
    ('region-jeonbuk-jeonjusiwansangu', 'sigungu', 'region-jeonbuk', '52111', '35011', 'seed:kostat-2018-rone-map'),
    ('region-jeonbuk-jeonjusideokjingu', 'sigungu', 'region-jeonbuk', '52113', '35012', 'seed:kostat-2018-rone-map'),
    ('region-jeonbuk-gunsan', 'sigungu', 'region-jeonbuk', '52130', '35020', 'seed:kostat-2018-rone-map'),
    ('region-jeonbuk-iksan', 'sigungu', 'region-jeonbuk', '52140', '35030', 'seed:kostat-2018-rone-map'),
    ('region-jeonbuk-jeongeup', 'sigungu', 'region-jeonbuk', '52180', '35040', 'seed:kostat-2018-rone-map'),
    ('region-jeonbuk-namwon', 'sigungu', 'region-jeonbuk', '52190', '35050', 'seed:kostat-2018-rone-map'),
    ('region-jeonbuk-gimje', 'sigungu', 'region-jeonbuk', '52210', '35060', 'seed:kostat-2018-rone-map'),
    ('region-jeonbuk-wanju', 'sigungu', 'region-jeonbuk', null, '35310', 'seed:kostat-2018-rone-map'),
    ('region-jeonbuk-jinan', 'sigungu', 'region-jeonbuk', null, '35320', 'seed:kostat-2018-rone-map'),
    ('region-jeonbuk-muju', 'sigungu', 'region-jeonbuk', null, '35330', 'seed:kostat-2018-rone-map'),
    ('region-jeonbuk-jangsu', 'sigungu', 'region-jeonbuk', null, '35340', 'seed:kostat-2018-rone-map'),
    ('region-jeonbuk-imsil', 'sigungu', 'region-jeonbuk', null, '35350', 'seed:kostat-2018-rone-map'),
    ('region-jeonbuk-sunchang', 'sigungu', 'region-jeonbuk', null, '35360', 'seed:kostat-2018-rone-map'),
    ('region-jeonbuk-gochang', 'sigungu', 'region-jeonbuk', null, '35370', 'seed:kostat-2018-rone-map'),
    ('region-jeonbuk-buan', 'sigungu', 'region-jeonbuk', null, '35380', 'seed:kostat-2018-rone-map'),
    ('region-jeonnam-mokpo', 'sigungu', 'region-jeonnam', '46110', '36010', 'seed:kostat-2018-rone-map'),
    ('region-jeonnam-yeosu', 'sigungu', 'region-jeonnam', '46130', '36020', 'seed:kostat-2018-rone-map'),
    ('region-jeonnam-suncheon', 'sigungu', 'region-jeonnam', '46150', '36030', 'seed:kostat-2018-rone-map'),
    ('region-jeonnam-naju', 'sigungu', 'region-jeonnam', '46170', '36040', 'seed:kostat-2018-rone-map'),
    ('region-jeonnam-gwangyang', 'sigungu', 'region-jeonnam', '46230', '36060', 'seed:kostat-2018-rone-map'),
    ('region-jeonnam-damyang', 'sigungu', 'region-jeonnam', null, '36310', 'seed:kostat-2018-rone-map'),
    ('region-jeonnam-gokseong', 'sigungu', 'region-jeonnam', null, '36320', 'seed:kostat-2018-rone-map'),
    ('region-jeonnam-gurye', 'sigungu', 'region-jeonnam', null, '36330', 'seed:kostat-2018-rone-map'),
    ('region-jeonnam-goheung', 'sigungu', 'region-jeonnam', null, '36350', 'seed:kostat-2018-rone-map'),
    ('region-jeonnam-boseong', 'sigungu', 'region-jeonnam', null, '36360', 'seed:kostat-2018-rone-map'),
    ('region-jeonnam-hwasun', 'sigungu', 'region-jeonnam', null, '36370', 'seed:kostat-2018-rone-map'),
    ('region-jeonnam-jangheung', 'sigungu', 'region-jeonnam', null, '36380', 'seed:kostat-2018-rone-map'),
    ('region-jeonnam-gangjin', 'sigungu', 'region-jeonnam', null, '36390', 'seed:kostat-2018-rone-map'),
    ('region-jeonnam-haenam', 'sigungu', 'region-jeonnam', null, '36400', 'seed:kostat-2018-rone-map'),
    ('region-jeonnam-yeongam', 'sigungu', 'region-jeonnam', null, '36410', 'seed:kostat-2018-rone-map'),
    ('region-jeonnam-muan', 'sigungu', 'region-jeonnam', '46840', '36420', 'seed:kostat-2018-rone-map'),
    ('region-jeonnam-hampyeong', 'sigungu', 'region-jeonnam', null, '36430', 'seed:kostat-2018-rone-map'),
    ('region-jeonnam-yeonggwang', 'sigungu', 'region-jeonnam', null, '36440', 'seed:kostat-2018-rone-map'),
    ('region-jeonnam-jangseong', 'sigungu', 'region-jeonnam', null, '36450', 'seed:kostat-2018-rone-map'),
    ('region-jeonnam-wando', 'sigungu', 'region-jeonnam', null, '36460', 'seed:kostat-2018-rone-map'),
    ('region-jeonnam-jindo', 'sigungu', 'region-jeonnam', null, '36470', 'seed:kostat-2018-rone-map'),
    ('region-jeonnam-sinan', 'sigungu', 'region-jeonnam', null, '36480', 'seed:kostat-2018-rone-map'),
    ('region-gyeongbuk-nam', 'sigungu', 'region-gyeongbuk', '47111', '37011', 'seed:kostat-2018-rone-map'),
    ('region-gyeongbuk-buk', 'sigungu', 'region-gyeongbuk', '47113', '37012', 'seed:kostat-2018-rone-map'),
    ('region-gyeongbuk-gyeongju', 'sigungu', 'region-gyeongbuk', '47130', '37020', 'seed:kostat-2018-rone-map'),
    ('region-gyeongbuk-gimcheon', 'sigungu', 'region-gyeongbuk', '47150', '37030', 'seed:kostat-2018-rone-map'),
    ('region-gyeongbuk-andong', 'sigungu', 'region-gyeongbuk', '47170', '37040', 'seed:kostat-2018-rone-map'),
    ('region-gyeongbuk-gumi', 'sigungu', 'region-gyeongbuk', '47190', '37050', 'seed:kostat-2018-rone-map'),
    ('region-gyeongbuk-yeongju', 'sigungu', 'region-gyeongbuk', '47210', '37060', 'seed:kostat-2018-rone-map'),
    ('region-gyeongbuk-yeongcheon', 'sigungu', 'region-gyeongbuk', '47230', '37070', 'seed:kostat-2018-rone-map'),
    ('region-gyeongbuk-sangju', 'sigungu', 'region-gyeongbuk', '47250', '37080', 'seed:kostat-2018-rone-map'),
    ('region-gyeongbuk-mungyeong', 'sigungu', 'region-gyeongbuk', '47280', '37090', 'seed:kostat-2018-rone-map'),
    ('region-gyeongbuk-gyeongsan', 'sigungu', 'region-gyeongbuk', '47290', '37100', 'seed:kostat-2018-rone-map'),
    ('region-gyeongbuk-gunwi', 'sigungu', 'region-gyeongbuk', null, '37310', 'seed:kostat-2018-rone-map'),
    ('region-gyeongbuk-uiseong', 'sigungu', 'region-gyeongbuk', null, '37320', 'seed:kostat-2018-rone-map'),
    ('region-gyeongbuk-cheongsong', 'sigungu', 'region-gyeongbuk', null, '37330', 'seed:kostat-2018-rone-map'),
    ('region-gyeongbuk-yeongyang', 'sigungu', 'region-gyeongbuk', null, '37340', 'seed:kostat-2018-rone-map'),
    ('region-gyeongbuk-yeongdeok', 'sigungu', 'region-gyeongbuk', null, '37350', 'seed:kostat-2018-rone-map'),
    ('region-gyeongbuk-cheongdo', 'sigungu', 'region-gyeongbuk', null, '37360', 'seed:kostat-2018-rone-map'),
    ('region-gyeongbuk-goryeong', 'sigungu', 'region-gyeongbuk', null, '37370', 'seed:kostat-2018-rone-map'),
    ('region-gyeongbuk-seongju', 'sigungu', 'region-gyeongbuk', null, '37380', 'seed:kostat-2018-rone-map'),
    ('region-gyeongbuk-chilgok', 'sigungu', 'region-gyeongbuk', '47850', '37390', 'seed:kostat-2018-rone-map'),
    ('region-gyeongbuk-yecheon', 'sigungu', 'region-gyeongbuk', null, '37400', 'seed:kostat-2018-rone-map'),
    ('region-gyeongbuk-bonghwa', 'sigungu', 'region-gyeongbuk', null, '37410', 'seed:kostat-2018-rone-map'),
    ('region-gyeongbuk-uljin', 'sigungu', 'region-gyeongbuk', null, '37420', 'seed:kostat-2018-rone-map'),
    ('region-gyeongbuk-ulleung', 'sigungu', 'region-gyeongbuk', null, '37430', 'seed:kostat-2018-rone-map'),
    ('region-gyeongnam-jinju', 'sigungu', 'region-gyeongnam', '48170', '38030', 'seed:kostat-2018-rone-map'),
    ('region-gyeongnam-tongyeong', 'sigungu', 'region-gyeongnam', '48220', '38050', 'seed:kostat-2018-rone-map'),
    ('region-gyeongnam-sacheon', 'sigungu', 'region-gyeongnam', '48240', '38060', 'seed:kostat-2018-rone-map'),
    ('region-gyeongnam-gimhae', 'sigungu', 'region-gyeongnam', '48250', '38070', 'seed:kostat-2018-rone-map'),
    ('region-gyeongnam-miryang', 'sigungu', 'region-gyeongnam', '48270', '38080', 'seed:kostat-2018-rone-map'),
    ('region-gyeongnam-geoje', 'sigungu', 'region-gyeongnam', '48310', '38090', 'seed:kostat-2018-rone-map'),
    ('region-gyeongnam-yangsan', 'sigungu', 'region-gyeongnam', '48330', '38100', 'seed:kostat-2018-rone-map'),
    ('region-gyeongnam-uichanggu', 'sigungu', 'region-gyeongnam', '48121', '38111', 'seed:kostat-2018-rone-map'),
    ('region-gyeongnam-seongsangu', 'sigungu', 'region-gyeongnam', '48123', '38112', 'seed:kostat-2018-rone-map'),
    ('region-gyeongnam-masanhappogu', 'sigungu', 'region-gyeongnam', '48125', '38113', 'seed:kostat-2018-rone-map'),
    ('region-gyeongnam-masanhoewongu', 'sigungu', 'region-gyeongnam', '48127', '38114', 'seed:kostat-2018-rone-map'),
    ('region-gyeongnam-jinhaegu', 'sigungu', 'region-gyeongnam', '48129', '38115', 'seed:kostat-2018-rone-map'),
    ('region-gyeongnam-uiryeong', 'sigungu', 'region-gyeongnam', null, '38310', 'seed:kostat-2018-rone-map'),
    ('region-gyeongnam-haman', 'sigungu', 'region-gyeongnam', null, '38320', 'seed:kostat-2018-rone-map'),
    ('region-gyeongnam-changnyeong', 'sigungu', 'region-gyeongnam', null, '38330', 'seed:kostat-2018-rone-map'),
    ('region-gyeongnam-goseong', 'sigungu', 'region-gyeongnam', null, '38340', 'seed:kostat-2018-rone-map'),
    ('region-gyeongnam-namhae', 'sigungu', 'region-gyeongnam', null, '38350', 'seed:kostat-2018-rone-map'),
    ('region-gyeongnam-hadong', 'sigungu', 'region-gyeongnam', null, '38360', 'seed:kostat-2018-rone-map'),
    ('region-gyeongnam-sancheong', 'sigungu', 'region-gyeongnam', null, '38370', 'seed:kostat-2018-rone-map'),
    ('region-gyeongnam-hamyang', 'sigungu', 'region-gyeongnam', null, '38380', 'seed:kostat-2018-rone-map'),
    ('region-gyeongnam-geochang', 'sigungu', 'region-gyeongnam', null, '38390', 'seed:kostat-2018-rone-map'),
    ('region-gyeongnam-hapcheon', 'sigungu', 'region-gyeongnam', null, '38400', 'seed:kostat-2018-rone-map'),
    ('region-jeju-jeju', 'sigungu', 'region-jeju', '50110', '39010', 'seed:kostat-2018-rone-map'),
    ('region-jeju-seogwipo', 'sigungu', 'region-jeju', '50130', '39020', 'seed:kostat-2018-rone-map')
on duplicate key update
    region_level = values(region_level),
    parent_region_id = values(parent_region_id),
    legal_dong_code = coalesce(values(legal_dong_code), real_estate_regions.legal_dong_code),
    region_code = values(region_code),
    source = values(source);

insert into map_features (
    id, boundary_asset_id, target_id, layer_type, geometry_id, region_code, parent_region_code
) values
    ('map-feature-sigungu-11010', 'map-sigungu-kostat-2018', 'region-seoul-jongno', 'sigungu', 'sigungu-11010', '11010', '11'),
    ('map-feature-sigungu-11020', 'map-sigungu-kostat-2018', 'region-seoul-jung', 'sigungu', 'sigungu-11020', '11020', '11'),
    ('map-feature-sigungu-11030', 'map-sigungu-kostat-2018', 'region-seoul-yongsan', 'sigungu', 'sigungu-11030', '11030', '11'),
    ('map-feature-sigungu-11040', 'map-sigungu-kostat-2018', 'region-seoul-seongdong', 'sigungu', 'sigungu-11040', '11040', '11'),
    ('map-feature-sigungu-11050', 'map-sigungu-kostat-2018', 'region-seoul-gwangjin', 'sigungu', 'sigungu-11050', '11050', '11'),
    ('map-feature-sigungu-11060', 'map-sigungu-kostat-2018', 'region-seoul-dongdaemun', 'sigungu', 'sigungu-11060', '11060', '11'),
    ('map-feature-sigungu-11070', 'map-sigungu-kostat-2018', 'region-seoul-jungnang', 'sigungu', 'sigungu-11070', '11070', '11'),
    ('map-feature-sigungu-11080', 'map-sigungu-kostat-2018', 'region-seoul-seongbuk', 'sigungu', 'sigungu-11080', '11080', '11'),
    ('map-feature-sigungu-11090', 'map-sigungu-kostat-2018', 'region-seoul-gangbuk', 'sigungu', 'sigungu-11090', '11090', '11'),
    ('map-feature-sigungu-11100', 'map-sigungu-kostat-2018', 'region-seoul-dobong', 'sigungu', 'sigungu-11100', '11100', '11'),
    ('map-feature-sigungu-11110', 'map-sigungu-kostat-2018', 'region-seoul-nowon', 'sigungu', 'sigungu-11110', '11110', '11'),
    ('map-feature-sigungu-11120', 'map-sigungu-kostat-2018', 'region-seoul-eunpyeong', 'sigungu', 'sigungu-11120', '11120', '11'),
    ('map-feature-sigungu-11130', 'map-sigungu-kostat-2018', 'region-seoul-seodaemun', 'sigungu', 'sigungu-11130', '11130', '11'),
    ('map-feature-sigungu-11140', 'map-sigungu-kostat-2018', 'region-seoul-mapo', 'sigungu', 'sigungu-11140', '11140', '11'),
    ('map-feature-sigungu-11150', 'map-sigungu-kostat-2018', 'region-seoul-yangcheon', 'sigungu', 'sigungu-11150', '11150', '11'),
    ('map-feature-sigungu-11160', 'map-sigungu-kostat-2018', 'region-seoul-gangseo', 'sigungu', 'sigungu-11160', '11160', '11'),
    ('map-feature-sigungu-11170', 'map-sigungu-kostat-2018', 'region-seoul-guro', 'sigungu', 'sigungu-11170', '11170', '11'),
    ('map-feature-sigungu-11180', 'map-sigungu-kostat-2018', 'region-seoul-geumcheon', 'sigungu', 'sigungu-11180', '11180', '11'),
    ('map-feature-sigungu-11190', 'map-sigungu-kostat-2018', 'region-seoul-yeongdeungpo', 'sigungu', 'sigungu-11190', '11190', '11'),
    ('map-feature-sigungu-11200', 'map-sigungu-kostat-2018', 'region-seoul-dongjak', 'sigungu', 'sigungu-11200', '11200', '11'),
    ('map-feature-sigungu-11210', 'map-sigungu-kostat-2018', 'region-seoul-gwanak', 'sigungu', 'sigungu-11210', '11210', '11'),
    ('map-feature-sigungu-11220', 'map-sigungu-kostat-2018', 'region-seoul-seocho', 'sigungu', 'sigungu-11220', '11220', '11'),
    ('map-feature-sigungu-11230', 'map-sigungu-kostat-2018', 'region-seoul-gangnam', 'sigungu', 'sigungu-11230', '11230', '11'),
    ('map-feature-sigungu-11240', 'map-sigungu-kostat-2018', 'region-seoul-songpa', 'sigungu', 'sigungu-11240', '11240', '11'),
    ('map-feature-sigungu-11250', 'map-sigungu-kostat-2018', 'region-seoul-gangdong', 'sigungu', 'sigungu-11250', '11250', '11'),
    ('map-feature-sigungu-21010', 'map-sigungu-kostat-2018', 'region-busan-jung', 'sigungu', 'sigungu-21010', '21010', '21'),
    ('map-feature-sigungu-21020', 'map-sigungu-kostat-2018', 'region-busan-seo', 'sigungu', 'sigungu-21020', '21020', '21'),
    ('map-feature-sigungu-21030', 'map-sigungu-kostat-2018', 'region-busan-dong', 'sigungu', 'sigungu-21030', '21030', '21'),
    ('map-feature-sigungu-21040', 'map-sigungu-kostat-2018', 'region-busan-yeongdo', 'sigungu', 'sigungu-21040', '21040', '21'),
    ('map-feature-sigungu-21050', 'map-sigungu-kostat-2018', 'region-busan-busanjin', 'sigungu', 'sigungu-21050', '21050', '21'),
    ('map-feature-sigungu-21060', 'map-sigungu-kostat-2018', 'region-busan-dongnae', 'sigungu', 'sigungu-21060', '21060', '21'),
    ('map-feature-sigungu-21070', 'map-sigungu-kostat-2018', 'region-busan-nam', 'sigungu', 'sigungu-21070', '21070', '21'),
    ('map-feature-sigungu-21080', 'map-sigungu-kostat-2018', 'region-busan-buk', 'sigungu', 'sigungu-21080', '21080', '21'),
    ('map-feature-sigungu-21090', 'map-sigungu-kostat-2018', 'region-busan-haeundae', 'sigungu', 'sigungu-21090', '21090', '21'),
    ('map-feature-sigungu-21100', 'map-sigungu-kostat-2018', 'region-busan-saha', 'sigungu', 'sigungu-21100', '21100', '21'),
    ('map-feature-sigungu-21110', 'map-sigungu-kostat-2018', 'region-busan-geumjeong', 'sigungu', 'sigungu-21110', '21110', '21'),
    ('map-feature-sigungu-21120', 'map-sigungu-kostat-2018', 'region-busan-gangseo', 'sigungu', 'sigungu-21120', '21120', '21'),
    ('map-feature-sigungu-21130', 'map-sigungu-kostat-2018', 'region-busan-yeonje', 'sigungu', 'sigungu-21130', '21130', '21'),
    ('map-feature-sigungu-21140', 'map-sigungu-kostat-2018', 'region-busan-suyeong', 'sigungu', 'sigungu-21140', '21140', '21'),
    ('map-feature-sigungu-21150', 'map-sigungu-kostat-2018', 'region-busan-sasang', 'sigungu', 'sigungu-21150', '21150', '21'),
    ('map-feature-sigungu-21310', 'map-sigungu-kostat-2018', 'region-busan-gijang', 'sigungu', 'sigungu-21310', '21310', '21'),
    ('map-feature-sigungu-22010', 'map-sigungu-kostat-2018', 'region-daegu-jung', 'sigungu', 'sigungu-22010', '22010', '22'),
    ('map-feature-sigungu-22020', 'map-sigungu-kostat-2018', 'region-daegu-dong', 'sigungu', 'sigungu-22020', '22020', '22'),
    ('map-feature-sigungu-22030', 'map-sigungu-kostat-2018', 'region-daegu-seo', 'sigungu', 'sigungu-22030', '22030', '22'),
    ('map-feature-sigungu-22040', 'map-sigungu-kostat-2018', 'region-daegu-nam', 'sigungu', 'sigungu-22040', '22040', '22'),
    ('map-feature-sigungu-22050', 'map-sigungu-kostat-2018', 'region-daegu-buk', 'sigungu', 'sigungu-22050', '22050', '22'),
    ('map-feature-sigungu-22060', 'map-sigungu-kostat-2018', 'region-daegu-suseong', 'sigungu', 'sigungu-22060', '22060', '22'),
    ('map-feature-sigungu-22070', 'map-sigungu-kostat-2018', 'region-daegu-dalseo', 'sigungu', 'sigungu-22070', '22070', '22'),
    ('map-feature-sigungu-22310', 'map-sigungu-kostat-2018', 'region-daegu-dalseong', 'sigungu', 'sigungu-22310', '22310', '22'),
    ('map-feature-sigungu-23010', 'map-sigungu-kostat-2018', 'region-incheon-jung', 'sigungu', 'sigungu-23010', '23010', '23'),
    ('map-feature-sigungu-23020', 'map-sigungu-kostat-2018', 'region-incheon-dong', 'sigungu', 'sigungu-23020', '23020', '23'),
    ('map-feature-sigungu-23030', 'map-sigungu-kostat-2018', 'region-incheon-nam', 'sigungu', 'sigungu-23030', '23030', '23'),
    ('map-feature-sigungu-23040', 'map-sigungu-kostat-2018', 'region-incheon-yeonsu', 'sigungu', 'sigungu-23040', '23040', '23'),
    ('map-feature-sigungu-23050', 'map-sigungu-kostat-2018', 'region-incheon-namdong', 'sigungu', 'sigungu-23050', '23050', '23'),
    ('map-feature-sigungu-23060', 'map-sigungu-kostat-2018', 'region-incheon-bupyeong', 'sigungu', 'sigungu-23060', '23060', '23'),
    ('map-feature-sigungu-23070', 'map-sigungu-kostat-2018', 'region-incheon-gyeyang', 'sigungu', 'sigungu-23070', '23070', '23'),
    ('map-feature-sigungu-23080', 'map-sigungu-kostat-2018', 'region-incheon-seo', 'sigungu', 'sigungu-23080', '23080', '23'),
    ('map-feature-sigungu-23310', 'map-sigungu-kostat-2018', 'region-incheon-ganghwa', 'sigungu', 'sigungu-23310', '23310', '23'),
    ('map-feature-sigungu-23320', 'map-sigungu-kostat-2018', 'region-incheon-ongjin', 'sigungu', 'sigungu-23320', '23320', '23'),
    ('map-feature-sigungu-24010', 'map-sigungu-kostat-2018', 'region-gwangju-dong', 'sigungu', 'sigungu-24010', '24010', '24'),
    ('map-feature-sigungu-24020', 'map-sigungu-kostat-2018', 'region-gwangju-seo', 'sigungu', 'sigungu-24020', '24020', '24'),
    ('map-feature-sigungu-24030', 'map-sigungu-kostat-2018', 'region-gwangju-nam', 'sigungu', 'sigungu-24030', '24030', '24'),
    ('map-feature-sigungu-24040', 'map-sigungu-kostat-2018', 'region-gwangju-buk', 'sigungu', 'sigungu-24040', '24040', '24'),
    ('map-feature-sigungu-24050', 'map-sigungu-kostat-2018', 'region-gwangju-gwangsan', 'sigungu', 'sigungu-24050', '24050', '24'),
    ('map-feature-sigungu-25010', 'map-sigungu-kostat-2018', 'region-daejeon-dong', 'sigungu', 'sigungu-25010', '25010', '25'),
    ('map-feature-sigungu-25020', 'map-sigungu-kostat-2018', 'region-daejeon-jung', 'sigungu', 'sigungu-25020', '25020', '25'),
    ('map-feature-sigungu-25030', 'map-sigungu-kostat-2018', 'region-daejeon-seo', 'sigungu', 'sigungu-25030', '25030', '25'),
    ('map-feature-sigungu-25040', 'map-sigungu-kostat-2018', 'region-daejeon-yuseong', 'sigungu', 'sigungu-25040', '25040', '25'),
    ('map-feature-sigungu-25050', 'map-sigungu-kostat-2018', 'region-daejeon-daedeok', 'sigungu', 'sigungu-25050', '25050', '25'),
    ('map-feature-sigungu-26010', 'map-sigungu-kostat-2018', 'region-ulsan-jung', 'sigungu', 'sigungu-26010', '26010', '26'),
    ('map-feature-sigungu-26020', 'map-sigungu-kostat-2018', 'region-ulsan-nam', 'sigungu', 'sigungu-26020', '26020', '26'),
    ('map-feature-sigungu-26030', 'map-sigungu-kostat-2018', 'region-ulsan-dong', 'sigungu', 'sigungu-26030', '26030', '26'),
    ('map-feature-sigungu-26040', 'map-sigungu-kostat-2018', 'region-ulsan-buk', 'sigungu', 'sigungu-26040', '26040', '26'),
    ('map-feature-sigungu-26310', 'map-sigungu-kostat-2018', 'region-ulsan-ulju', 'sigungu', 'sigungu-26310', '26310', '26'),
    ('map-feature-sigungu-29010', 'map-sigungu-kostat-2018', 'region-sejong-sejongsi', 'sigungu', 'sigungu-29010', '29010', '29'),
    ('map-feature-sigungu-31011', 'map-sigungu-kostat-2018', 'region-gyeonggi-suwonsijangangu', 'sigungu', 'sigungu-31011', '31011', '31'),
    ('map-feature-sigungu-31012', 'map-sigungu-kostat-2018', 'region-gyeonggi-suwonsigwonseongu', 'sigungu', 'sigungu-31012', '31012', '31'),
    ('map-feature-sigungu-31013', 'map-sigungu-kostat-2018', 'region-gyeonggi-suwonsipaldalgu', 'sigungu', 'sigungu-31013', '31013', '31'),
    ('map-feature-sigungu-31014', 'map-sigungu-kostat-2018', 'region-gyeonggi-suwonsiyeongtonggu', 'sigungu', 'sigungu-31014', '31014', '31'),
    ('map-feature-sigungu-31021', 'map-sigungu-kostat-2018', 'region-gyeonggi-seongnamsisujeonggu', 'sigungu', 'sigungu-31021', '31021', '31'),
    ('map-feature-sigungu-31022', 'map-sigungu-kostat-2018', 'region-gyeonggi-seongnamsijungwongu', 'sigungu', 'sigungu-31022', '31022', '31'),
    ('map-feature-sigungu-31023', 'map-sigungu-kostat-2018', 'region-gyeonggi-seongnamsibundanggu', 'sigungu', 'sigungu-31023', '31023', '31'),
    ('map-feature-sigungu-31030', 'map-sigungu-kostat-2018', 'region-gyeonggi-uijeongbu', 'sigungu', 'sigungu-31030', '31030', '31'),
    ('map-feature-sigungu-31041', 'map-sigungu-kostat-2018', 'region-gyeonggi-anyangsimanangu', 'sigungu', 'sigungu-31041', '31041', '31'),
    ('map-feature-sigungu-31042', 'map-sigungu-kostat-2018', 'region-gyeonggi-anyangsidongangu', 'sigungu', 'sigungu-31042', '31042', '31'),
    ('map-feature-sigungu-31050', 'map-sigungu-kostat-2018', 'region-gyeonggi-bucheon', 'sigungu', 'sigungu-31050', '31050', '31'),
    ('map-feature-sigungu-31060', 'map-sigungu-kostat-2018', 'region-gyeonggi-gwangmyeong', 'sigungu', 'sigungu-31060', '31060', '31'),
    ('map-feature-sigungu-31070', 'map-sigungu-kostat-2018', 'region-gyeonggi-pyeongtaek', 'sigungu', 'sigungu-31070', '31070', '31'),
    ('map-feature-sigungu-31080', 'map-sigungu-kostat-2018', 'region-gyeonggi-dongducheon', 'sigungu', 'sigungu-31080', '31080', '31'),
    ('map-feature-sigungu-31091', 'map-sigungu-kostat-2018', 'region-gyeonggi-ansansisangnokgu', 'sigungu', 'sigungu-31091', '31091', '31'),
    ('map-feature-sigungu-31092', 'map-sigungu-kostat-2018', 'region-gyeonggi-ansansidanwongu', 'sigungu', 'sigungu-31092', '31092', '31'),
    ('map-feature-sigungu-31101', 'map-sigungu-kostat-2018', 'region-gyeonggi-goyangsideogyanggu', 'sigungu', 'sigungu-31101', '31101', '31'),
    ('map-feature-sigungu-31103', 'map-sigungu-kostat-2018', 'region-gyeonggi-goyangsiilsandonggu', 'sigungu', 'sigungu-31103', '31103', '31'),
    ('map-feature-sigungu-31104', 'map-sigungu-kostat-2018', 'region-gyeonggi-goyangsiilsanseogu', 'sigungu', 'sigungu-31104', '31104', '31'),
    ('map-feature-sigungu-31110', 'map-sigungu-kostat-2018', 'region-gyeonggi-gwacheon', 'sigungu', 'sigungu-31110', '31110', '31'),
    ('map-feature-sigungu-31120', 'map-sigungu-kostat-2018', 'region-gyeonggi-guri', 'sigungu', 'sigungu-31120', '31120', '31'),
    ('map-feature-sigungu-31130', 'map-sigungu-kostat-2018', 'region-gyeonggi-namyangju', 'sigungu', 'sigungu-31130', '31130', '31'),
    ('map-feature-sigungu-31140', 'map-sigungu-kostat-2018', 'region-gyeonggi-osan', 'sigungu', 'sigungu-31140', '31140', '31'),
    ('map-feature-sigungu-31150', 'map-sigungu-kostat-2018', 'region-gyeonggi-siheung', 'sigungu', 'sigungu-31150', '31150', '31'),
    ('map-feature-sigungu-31160', 'map-sigungu-kostat-2018', 'region-gyeonggi-gunpo', 'sigungu', 'sigungu-31160', '31160', '31'),
    ('map-feature-sigungu-31170', 'map-sigungu-kostat-2018', 'region-gyeonggi-uiwang', 'sigungu', 'sigungu-31170', '31170', '31'),
    ('map-feature-sigungu-31180', 'map-sigungu-kostat-2018', 'region-gyeonggi-hanam', 'sigungu', 'sigungu-31180', '31180', '31'),
    ('map-feature-sigungu-31191', 'map-sigungu-kostat-2018', 'region-gyeonggi-yonginsicheoingu', 'sigungu', 'sigungu-31191', '31191', '31'),
    ('map-feature-sigungu-31192', 'map-sigungu-kostat-2018', 'region-gyeonggi-yonginsigiheunggu', 'sigungu', 'sigungu-31192', '31192', '31'),
    ('map-feature-sigungu-31193', 'map-sigungu-kostat-2018', 'region-gyeonggi-yonginsisujigu', 'sigungu', 'sigungu-31193', '31193', '31'),
    ('map-feature-sigungu-31200', 'map-sigungu-kostat-2018', 'region-gyeonggi-paju', 'sigungu', 'sigungu-31200', '31200', '31'),
    ('map-feature-sigungu-31210', 'map-sigungu-kostat-2018', 'region-gyeonggi-icheon', 'sigungu', 'sigungu-31210', '31210', '31'),
    ('map-feature-sigungu-31220', 'map-sigungu-kostat-2018', 'region-gyeonggi-anseong', 'sigungu', 'sigungu-31220', '31220', '31'),
    ('map-feature-sigungu-31230', 'map-sigungu-kostat-2018', 'region-gyeonggi-gimpo', 'sigungu', 'sigungu-31230', '31230', '31'),
    ('map-feature-sigungu-31240', 'map-sigungu-kostat-2018', 'region-gyeonggi-hwaseongsi', 'sigungu', 'sigungu-31240', '31240', '31'),
    ('map-feature-sigungu-31250', 'map-sigungu-kostat-2018', 'region-gyeonggi-gwangju', 'sigungu', 'sigungu-31250', '31250', '31'),
    ('map-feature-sigungu-31260', 'map-sigungu-kostat-2018', 'region-gyeonggi-yangjusi', 'sigungu', 'sigungu-31260', '31260', '31'),
    ('map-feature-sigungu-31270', 'map-sigungu-kostat-2018', 'region-gyeonggi-pocheonsi', 'sigungu', 'sigungu-31270', '31270', '31'),
    ('map-feature-sigungu-31280', 'map-sigungu-kostat-2018', 'region-gyeonggi-yeoju', 'sigungu', 'sigungu-31280', '31280', '31'),
    ('map-feature-sigungu-31350', 'map-sigungu-kostat-2018', 'region-gyeonggi-yeoncheon', 'sigungu', 'sigungu-31350', '31350', '31'),
    ('map-feature-sigungu-31370', 'map-sigungu-kostat-2018', 'region-gyeonggi-gapyeong', 'sigungu', 'sigungu-31370', '31370', '31'),
    ('map-feature-sigungu-31380', 'map-sigungu-kostat-2018', 'region-gyeonggi-yangpyeong', 'sigungu', 'sigungu-31380', '31380', '31'),
    ('map-feature-sigungu-32010', 'map-sigungu-kostat-2018', 'region-gangwon-chuncheon', 'sigungu', 'sigungu-32010', '32010', '32'),
    ('map-feature-sigungu-32020', 'map-sigungu-kostat-2018', 'region-gangwon-wonju', 'sigungu', 'sigungu-32020', '32020', '32'),
    ('map-feature-sigungu-32030', 'map-sigungu-kostat-2018', 'region-gangwon-gangneung', 'sigungu', 'sigungu-32030', '32030', '32'),
    ('map-feature-sigungu-32040', 'map-sigungu-kostat-2018', 'region-gangwon-donghae', 'sigungu', 'sigungu-32040', '32040', '32'),
    ('map-feature-sigungu-32050', 'map-sigungu-kostat-2018', 'region-gangwon-taebaek', 'sigungu', 'sigungu-32050', '32050', '32'),
    ('map-feature-sigungu-32060', 'map-sigungu-kostat-2018', 'region-gangwon-sokcho', 'sigungu', 'sigungu-32060', '32060', '32'),
    ('map-feature-sigungu-32070', 'map-sigungu-kostat-2018', 'region-gangwon-samcheok', 'sigungu', 'sigungu-32070', '32070', '32'),
    ('map-feature-sigungu-32310', 'map-sigungu-kostat-2018', 'region-gangwon-hongcheon', 'sigungu', 'sigungu-32310', '32310', '32'),
    ('map-feature-sigungu-32320', 'map-sigungu-kostat-2018', 'region-gangwon-hoengseong', 'sigungu', 'sigungu-32320', '32320', '32'),
    ('map-feature-sigungu-32330', 'map-sigungu-kostat-2018', 'region-gangwon-yeongwol', 'sigungu', 'sigungu-32330', '32330', '32'),
    ('map-feature-sigungu-32340', 'map-sigungu-kostat-2018', 'region-gangwon-pyeongchang', 'sigungu', 'sigungu-32340', '32340', '32'),
    ('map-feature-sigungu-32350', 'map-sigungu-kostat-2018', 'region-gangwon-jeongseon', 'sigungu', 'sigungu-32350', '32350', '32'),
    ('map-feature-sigungu-32360', 'map-sigungu-kostat-2018', 'region-gangwon-gongju', 'sigungu', 'sigungu-32360', '32360', '32'),
    ('map-feature-sigungu-32370', 'map-sigungu-kostat-2018', 'region-gangwon-hwacheon', 'sigungu', 'sigungu-32370', '32370', '32'),
    ('map-feature-sigungu-32380', 'map-sigungu-kostat-2018', 'region-gangwon-yanggu', 'sigungu', 'sigungu-32380', '32380', '32'),
    ('map-feature-sigungu-32390', 'map-sigungu-kostat-2018', 'region-gangwon-inje', 'sigungu', 'sigungu-32390', '32390', '32'),
    ('map-feature-sigungu-32400', 'map-sigungu-kostat-2018', 'region-gangwon-goseong', 'sigungu', 'sigungu-32400', '32400', '32'),
    ('map-feature-sigungu-32410', 'map-sigungu-kostat-2018', 'region-gangwon-yangyang', 'sigungu', 'sigungu-32410', '32410', '32'),
    ('map-feature-sigungu-33020', 'map-sigungu-kostat-2018', 'region-chungbuk-chungju', 'sigungu', 'sigungu-33020', '33020', '33'),
    ('map-feature-sigungu-33030', 'map-sigungu-kostat-2018', 'region-chungbuk-jecheon', 'sigungu', 'sigungu-33030', '33030', '33'),
    ('map-feature-sigungu-33041', 'map-sigungu-kostat-2018', 'region-chungbuk-cheongjusisangdanggu', 'sigungu', 'sigungu-33041', '33041', '33'),
    ('map-feature-sigungu-33042', 'map-sigungu-kostat-2018', 'region-chungbuk-cheongjusiseowongu', 'sigungu', 'sigungu-33042', '33042', '33'),
    ('map-feature-sigungu-33043', 'map-sigungu-kostat-2018', 'region-chungbuk-cheongjusiheungdeokgu', 'sigungu', 'sigungu-33043', '33043', '33'),
    ('map-feature-sigungu-33044', 'map-sigungu-kostat-2018', 'region-chungbuk-cheongjusicheongwongu', 'sigungu', 'sigungu-33044', '33044', '33'),
    ('map-feature-sigungu-33320', 'map-sigungu-kostat-2018', 'region-chungbuk-boeun', 'sigungu', 'sigungu-33320', '33320', '33'),
    ('map-feature-sigungu-33330', 'map-sigungu-kostat-2018', 'region-chungbuk-okcheon', 'sigungu', 'sigungu-33330', '33330', '33'),
    ('map-feature-sigungu-33340', 'map-sigungu-kostat-2018', 'region-chungbuk-yeongdong', 'sigungu', 'sigungu-33340', '33340', '33'),
    ('map-feature-sigungu-33350', 'map-sigungu-kostat-2018', 'region-chungbuk-jincheon', 'sigungu', 'sigungu-33350', '33350', '33'),
    ('map-feature-sigungu-33360', 'map-sigungu-kostat-2018', 'region-chungbuk-goesan', 'sigungu', 'sigungu-33360', '33360', '33'),
    ('map-feature-sigungu-33370', 'map-sigungu-kostat-2018', 'region-chungbuk-eumseong', 'sigungu', 'sigungu-33370', '33370', '33'),
    ('map-feature-sigungu-33380', 'map-sigungu-kostat-2018', 'region-chungbuk-danyang', 'sigungu', 'sigungu-33380', '33380', '33'),
    ('map-feature-sigungu-33390', 'map-sigungu-kostat-2018', 'region-chungbuk-jeungpyeonggun', 'sigungu', 'sigungu-33390', '33390', '33'),
    ('map-feature-sigungu-34011', 'map-sigungu-kostat-2018', 'region-chungnam-cheonansidongnamgu', 'sigungu', 'sigungu-34011', '34011', '34'),
    ('map-feature-sigungu-34012', 'map-sigungu-kostat-2018', 'region-chungnam-cheonansiseobukgu', 'sigungu', 'sigungu-34012', '34012', '34'),
    ('map-feature-sigungu-34020', 'map-sigungu-kostat-2018', 'region-chungnam-gongju', 'sigungu', 'sigungu-34020', '34020', '34'),
    ('map-feature-sigungu-34030', 'map-sigungu-kostat-2018', 'region-chungnam-boryeong', 'sigungu', 'sigungu-34030', '34030', '34'),
    ('map-feature-sigungu-34040', 'map-sigungu-kostat-2018', 'region-chungnam-asan', 'sigungu', 'sigungu-34040', '34040', '34'),
    ('map-feature-sigungu-34050', 'map-sigungu-kostat-2018', 'region-chungnam-seosan', 'sigungu', 'sigungu-34050', '34050', '34'),
    ('map-feature-sigungu-34060', 'map-sigungu-kostat-2018', 'region-chungnam-nonsan', 'sigungu', 'sigungu-34060', '34060', '34'),
    ('map-feature-sigungu-34070', 'map-sigungu-kostat-2018', 'region-chungnam-gyeryongsi', 'sigungu', 'sigungu-34070', '34070', '34'),
    ('map-feature-sigungu-34080', 'map-sigungu-kostat-2018', 'region-chungnam-dangjinsi', 'sigungu', 'sigungu-34080', '34080', '34'),
    ('map-feature-sigungu-34310', 'map-sigungu-kostat-2018', 'region-chungnam-geumsan', 'sigungu', 'sigungu-34310', '34310', '34'),
    ('map-feature-sigungu-34330', 'map-sigungu-kostat-2018', 'region-chungnam-buyeo', 'sigungu', 'sigungu-34330', '34330', '34'),
    ('map-feature-sigungu-34340', 'map-sigungu-kostat-2018', 'region-chungnam-seocheon', 'sigungu', 'sigungu-34340', '34340', '34'),
    ('map-feature-sigungu-34350', 'map-sigungu-kostat-2018', 'region-chungnam-cheongyang', 'sigungu', 'sigungu-34350', '34350', '34'),
    ('map-feature-sigungu-34360', 'map-sigungu-kostat-2018', 'region-chungnam-hongseong', 'sigungu', 'sigungu-34360', '34360', '34'),
    ('map-feature-sigungu-34370', 'map-sigungu-kostat-2018', 'region-chungnam-yesan', 'sigungu', 'sigungu-34370', '34370', '34'),
    ('map-feature-sigungu-34380', 'map-sigungu-kostat-2018', 'region-chungnam-taean', 'sigungu', 'sigungu-34380', '34380', '34'),
    ('map-feature-sigungu-35011', 'map-sigungu-kostat-2018', 'region-jeonbuk-jeonjusiwansangu', 'sigungu', 'sigungu-35011', '35011', '35'),
    ('map-feature-sigungu-35012', 'map-sigungu-kostat-2018', 'region-jeonbuk-jeonjusideokjingu', 'sigungu', 'sigungu-35012', '35012', '35'),
    ('map-feature-sigungu-35020', 'map-sigungu-kostat-2018', 'region-jeonbuk-gunsan', 'sigungu', 'sigungu-35020', '35020', '35'),
    ('map-feature-sigungu-35030', 'map-sigungu-kostat-2018', 'region-jeonbuk-iksan', 'sigungu', 'sigungu-35030', '35030', '35'),
    ('map-feature-sigungu-35040', 'map-sigungu-kostat-2018', 'region-jeonbuk-jeongeup', 'sigungu', 'sigungu-35040', '35040', '35'),
    ('map-feature-sigungu-35050', 'map-sigungu-kostat-2018', 'region-jeonbuk-namwon', 'sigungu', 'sigungu-35050', '35050', '35'),
    ('map-feature-sigungu-35060', 'map-sigungu-kostat-2018', 'region-jeonbuk-gimje', 'sigungu', 'sigungu-35060', '35060', '35'),
    ('map-feature-sigungu-35310', 'map-sigungu-kostat-2018', 'region-jeonbuk-wanju', 'sigungu', 'sigungu-35310', '35310', '35'),
    ('map-feature-sigungu-35320', 'map-sigungu-kostat-2018', 'region-jeonbuk-jinan', 'sigungu', 'sigungu-35320', '35320', '35'),
    ('map-feature-sigungu-35330', 'map-sigungu-kostat-2018', 'region-jeonbuk-muju', 'sigungu', 'sigungu-35330', '35330', '35'),
    ('map-feature-sigungu-35340', 'map-sigungu-kostat-2018', 'region-jeonbuk-jangsu', 'sigungu', 'sigungu-35340', '35340', '35'),
    ('map-feature-sigungu-35350', 'map-sigungu-kostat-2018', 'region-jeonbuk-imsil', 'sigungu', 'sigungu-35350', '35350', '35'),
    ('map-feature-sigungu-35360', 'map-sigungu-kostat-2018', 'region-jeonbuk-sunchang', 'sigungu', 'sigungu-35360', '35360', '35'),
    ('map-feature-sigungu-35370', 'map-sigungu-kostat-2018', 'region-jeonbuk-gochang', 'sigungu', 'sigungu-35370', '35370', '35'),
    ('map-feature-sigungu-35380', 'map-sigungu-kostat-2018', 'region-jeonbuk-buan', 'sigungu', 'sigungu-35380', '35380', '35'),
    ('map-feature-sigungu-36010', 'map-sigungu-kostat-2018', 'region-jeonnam-mokpo', 'sigungu', 'sigungu-36010', '36010', '36'),
    ('map-feature-sigungu-36020', 'map-sigungu-kostat-2018', 'region-jeonnam-yeosu', 'sigungu', 'sigungu-36020', '36020', '36'),
    ('map-feature-sigungu-36030', 'map-sigungu-kostat-2018', 'region-jeonnam-suncheon', 'sigungu', 'sigungu-36030', '36030', '36'),
    ('map-feature-sigungu-36040', 'map-sigungu-kostat-2018', 'region-jeonnam-naju', 'sigungu', 'sigungu-36040', '36040', '36'),
    ('map-feature-sigungu-36060', 'map-sigungu-kostat-2018', 'region-jeonnam-gwangyang', 'sigungu', 'sigungu-36060', '36060', '36'),
    ('map-feature-sigungu-36310', 'map-sigungu-kostat-2018', 'region-jeonnam-damyang', 'sigungu', 'sigungu-36310', '36310', '36'),
    ('map-feature-sigungu-36320', 'map-sigungu-kostat-2018', 'region-jeonnam-gokseong', 'sigungu', 'sigungu-36320', '36320', '36'),
    ('map-feature-sigungu-36330', 'map-sigungu-kostat-2018', 'region-jeonnam-gurye', 'sigungu', 'sigungu-36330', '36330', '36'),
    ('map-feature-sigungu-36350', 'map-sigungu-kostat-2018', 'region-jeonnam-goheung', 'sigungu', 'sigungu-36350', '36350', '36'),
    ('map-feature-sigungu-36360', 'map-sigungu-kostat-2018', 'region-jeonnam-boseong', 'sigungu', 'sigungu-36360', '36360', '36'),
    ('map-feature-sigungu-36370', 'map-sigungu-kostat-2018', 'region-jeonnam-hwasun', 'sigungu', 'sigungu-36370', '36370', '36'),
    ('map-feature-sigungu-36380', 'map-sigungu-kostat-2018', 'region-jeonnam-jangheung', 'sigungu', 'sigungu-36380', '36380', '36'),
    ('map-feature-sigungu-36390', 'map-sigungu-kostat-2018', 'region-jeonnam-gangjin', 'sigungu', 'sigungu-36390', '36390', '36'),
    ('map-feature-sigungu-36400', 'map-sigungu-kostat-2018', 'region-jeonnam-haenam', 'sigungu', 'sigungu-36400', '36400', '36'),
    ('map-feature-sigungu-36410', 'map-sigungu-kostat-2018', 'region-jeonnam-yeongam', 'sigungu', 'sigungu-36410', '36410', '36'),
    ('map-feature-sigungu-36420', 'map-sigungu-kostat-2018', 'region-jeonnam-muan', 'sigungu', 'sigungu-36420', '36420', '36'),
    ('map-feature-sigungu-36430', 'map-sigungu-kostat-2018', 'region-jeonnam-hampyeong', 'sigungu', 'sigungu-36430', '36430', '36'),
    ('map-feature-sigungu-36440', 'map-sigungu-kostat-2018', 'region-jeonnam-yeonggwang', 'sigungu', 'sigungu-36440', '36440', '36'),
    ('map-feature-sigungu-36450', 'map-sigungu-kostat-2018', 'region-jeonnam-jangseong', 'sigungu', 'sigungu-36450', '36450', '36'),
    ('map-feature-sigungu-36460', 'map-sigungu-kostat-2018', 'region-jeonnam-wando', 'sigungu', 'sigungu-36460', '36460', '36'),
    ('map-feature-sigungu-36470', 'map-sigungu-kostat-2018', 'region-jeonnam-jindo', 'sigungu', 'sigungu-36470', '36470', '36'),
    ('map-feature-sigungu-36480', 'map-sigungu-kostat-2018', 'region-jeonnam-sinan', 'sigungu', 'sigungu-36480', '36480', '36'),
    ('map-feature-sigungu-37011', 'map-sigungu-kostat-2018', 'region-gyeongbuk-nam', 'sigungu', 'sigungu-37011', '37011', '37'),
    ('map-feature-sigungu-37012', 'map-sigungu-kostat-2018', 'region-gyeongbuk-buk', 'sigungu', 'sigungu-37012', '37012', '37'),
    ('map-feature-sigungu-37020', 'map-sigungu-kostat-2018', 'region-gyeongbuk-gyeongju', 'sigungu', 'sigungu-37020', '37020', '37'),
    ('map-feature-sigungu-37030', 'map-sigungu-kostat-2018', 'region-gyeongbuk-gimcheon', 'sigungu', 'sigungu-37030', '37030', '37'),
    ('map-feature-sigungu-37040', 'map-sigungu-kostat-2018', 'region-gyeongbuk-andong', 'sigungu', 'sigungu-37040', '37040', '37'),
    ('map-feature-sigungu-37050', 'map-sigungu-kostat-2018', 'region-gyeongbuk-gumi', 'sigungu', 'sigungu-37050', '37050', '37'),
    ('map-feature-sigungu-37060', 'map-sigungu-kostat-2018', 'region-gyeongbuk-yeongju', 'sigungu', 'sigungu-37060', '37060', '37'),
    ('map-feature-sigungu-37070', 'map-sigungu-kostat-2018', 'region-gyeongbuk-yeongcheon', 'sigungu', 'sigungu-37070', '37070', '37'),
    ('map-feature-sigungu-37080', 'map-sigungu-kostat-2018', 'region-gyeongbuk-sangju', 'sigungu', 'sigungu-37080', '37080', '37'),
    ('map-feature-sigungu-37090', 'map-sigungu-kostat-2018', 'region-gyeongbuk-mungyeong', 'sigungu', 'sigungu-37090', '37090', '37'),
    ('map-feature-sigungu-37100', 'map-sigungu-kostat-2018', 'region-gyeongbuk-gyeongsan', 'sigungu', 'sigungu-37100', '37100', '37'),
    ('map-feature-sigungu-37310', 'map-sigungu-kostat-2018', 'region-gyeongbuk-gunwi', 'sigungu', 'sigungu-37310', '37310', '37'),
    ('map-feature-sigungu-37320', 'map-sigungu-kostat-2018', 'region-gyeongbuk-uiseong', 'sigungu', 'sigungu-37320', '37320', '37'),
    ('map-feature-sigungu-37330', 'map-sigungu-kostat-2018', 'region-gyeongbuk-cheongsong', 'sigungu', 'sigungu-37330', '37330', '37'),
    ('map-feature-sigungu-37340', 'map-sigungu-kostat-2018', 'region-gyeongbuk-yeongyang', 'sigungu', 'sigungu-37340', '37340', '37'),
    ('map-feature-sigungu-37350', 'map-sigungu-kostat-2018', 'region-gyeongbuk-yeongdeok', 'sigungu', 'sigungu-37350', '37350', '37'),
    ('map-feature-sigungu-37360', 'map-sigungu-kostat-2018', 'region-gyeongbuk-cheongdo', 'sigungu', 'sigungu-37360', '37360', '37'),
    ('map-feature-sigungu-37370', 'map-sigungu-kostat-2018', 'region-gyeongbuk-goryeong', 'sigungu', 'sigungu-37370', '37370', '37'),
    ('map-feature-sigungu-37380', 'map-sigungu-kostat-2018', 'region-gyeongbuk-seongju', 'sigungu', 'sigungu-37380', '37380', '37'),
    ('map-feature-sigungu-37390', 'map-sigungu-kostat-2018', 'region-gyeongbuk-chilgok', 'sigungu', 'sigungu-37390', '37390', '37'),
    ('map-feature-sigungu-37400', 'map-sigungu-kostat-2018', 'region-gyeongbuk-yecheon', 'sigungu', 'sigungu-37400', '37400', '37'),
    ('map-feature-sigungu-37410', 'map-sigungu-kostat-2018', 'region-gyeongbuk-bonghwa', 'sigungu', 'sigungu-37410', '37410', '37'),
    ('map-feature-sigungu-37420', 'map-sigungu-kostat-2018', 'region-gyeongbuk-uljin', 'sigungu', 'sigungu-37420', '37420', '37'),
    ('map-feature-sigungu-37430', 'map-sigungu-kostat-2018', 'region-gyeongbuk-ulleung', 'sigungu', 'sigungu-37430', '37430', '37'),
    ('map-feature-sigungu-38030', 'map-sigungu-kostat-2018', 'region-gyeongnam-jinju', 'sigungu', 'sigungu-38030', '38030', '38'),
    ('map-feature-sigungu-38050', 'map-sigungu-kostat-2018', 'region-gyeongnam-tongyeong', 'sigungu', 'sigungu-38050', '38050', '38'),
    ('map-feature-sigungu-38060', 'map-sigungu-kostat-2018', 'region-gyeongnam-sacheon', 'sigungu', 'sigungu-38060', '38060', '38'),
    ('map-feature-sigungu-38070', 'map-sigungu-kostat-2018', 'region-gyeongnam-gimhae', 'sigungu', 'sigungu-38070', '38070', '38'),
    ('map-feature-sigungu-38080', 'map-sigungu-kostat-2018', 'region-gyeongnam-miryang', 'sigungu', 'sigungu-38080', '38080', '38'),
    ('map-feature-sigungu-38090', 'map-sigungu-kostat-2018', 'region-gyeongnam-geoje', 'sigungu', 'sigungu-38090', '38090', '38'),
    ('map-feature-sigungu-38100', 'map-sigungu-kostat-2018', 'region-gyeongnam-yangsan', 'sigungu', 'sigungu-38100', '38100', '38'),
    ('map-feature-sigungu-38111', 'map-sigungu-kostat-2018', 'region-gyeongnam-uichanggu', 'sigungu', 'sigungu-38111', '38111', '38'),
    ('map-feature-sigungu-38112', 'map-sigungu-kostat-2018', 'region-gyeongnam-seongsangu', 'sigungu', 'sigungu-38112', '38112', '38'),
    ('map-feature-sigungu-38113', 'map-sigungu-kostat-2018', 'region-gyeongnam-masanhappogu', 'sigungu', 'sigungu-38113', '38113', '38'),
    ('map-feature-sigungu-38114', 'map-sigungu-kostat-2018', 'region-gyeongnam-masanhoewongu', 'sigungu', 'sigungu-38114', '38114', '38'),
    ('map-feature-sigungu-38115', 'map-sigungu-kostat-2018', 'region-gyeongnam-jinhaegu', 'sigungu', 'sigungu-38115', '38115', '38'),
    ('map-feature-sigungu-38310', 'map-sigungu-kostat-2018', 'region-gyeongnam-uiryeong', 'sigungu', 'sigungu-38310', '38310', '38'),
    ('map-feature-sigungu-38320', 'map-sigungu-kostat-2018', 'region-gyeongnam-haman', 'sigungu', 'sigungu-38320', '38320', '38'),
    ('map-feature-sigungu-38330', 'map-sigungu-kostat-2018', 'region-gyeongnam-changnyeong', 'sigungu', 'sigungu-38330', '38330', '38'),
    ('map-feature-sigungu-38340', 'map-sigungu-kostat-2018', 'region-gyeongnam-goseong', 'sigungu', 'sigungu-38340', '38340', '38'),
    ('map-feature-sigungu-38350', 'map-sigungu-kostat-2018', 'region-gyeongnam-namhae', 'sigungu', 'sigungu-38350', '38350', '38'),
    ('map-feature-sigungu-38360', 'map-sigungu-kostat-2018', 'region-gyeongnam-hadong', 'sigungu', 'sigungu-38360', '38360', '38'),
    ('map-feature-sigungu-38370', 'map-sigungu-kostat-2018', 'region-gyeongnam-sancheong', 'sigungu', 'sigungu-38370', '38370', '38'),
    ('map-feature-sigungu-38380', 'map-sigungu-kostat-2018', 'region-gyeongnam-hamyang', 'sigungu', 'sigungu-38380', '38380', '38'),
    ('map-feature-sigungu-38390', 'map-sigungu-kostat-2018', 'region-gyeongnam-geochang', 'sigungu', 'sigungu-38390', '38390', '38'),
    ('map-feature-sigungu-38400', 'map-sigungu-kostat-2018', 'region-gyeongnam-hapcheon', 'sigungu', 'sigungu-38400', '38400', '38'),
    ('map-feature-sigungu-39010', 'map-sigungu-kostat-2018', 'region-jeju-jeju', 'sigungu', 'sigungu-39010', '39010', '39'),
    ('map-feature-sigungu-39020', 'map-sigungu-kostat-2018', 'region-jeju-seogwipo', 'sigungu', 'sigungu-39020', '39020', '39')
on duplicate key update
    boundary_asset_id = values(boundary_asset_id),
    target_id = values(target_id),
    layer_type = values(layer_type),
    geometry_id = values(geometry_id),
    region_code = values(region_code),
    parent_region_code = values(parent_region_code);
